{"v":"5.5.2","fr":60,"ip":0,"op":120,"w":1147,"h":1722,"nm":"Rocket","ddd":0,"assets":[],"layers":[{"ddd":0,"ind":1,"ty":4,"nm":"Soplo Line 13","parent":26,"sr":1,"ks":{"o":{"a":0,"k":100,"ix":11},"r":{"a":0,"k":0,"ix":10},"p":{"a":0,"k":[50,198.5,0],"ix":2},"a":{"a":0,"k":[0,0,0],"ix":1},"s":{"a":0,"k":[-100,100,100],"ix":6}},"ao":0,"shapes":[{"ty":"gr","it":[{"ind":0,"ty":"sh","ix":1,"ks":{"a":0,"k":{"i":[[0,0],[-60,-147],[-2,-79]],"o":[[0,0],[24.177,59.232],[2.153,85.026]],"v":[[-5,108.5],[-17,289.5],[1,439.5]],"c":false},"ix":2},"nm":"Path 1","mn":"ADBE Vector Shape - Group","hd":false},{"ty":"st","c":{"a":0,"k":[0,0,0,1],"ix":3},"o":{"a":0,"k":100,"ix":4},"w":{"a":0,"k":10,"ix":5},"lc":2,"lj":2,"bm":0,"nm":"Stroke 1","mn":"ADBE Vector Graphic - Stroke","hd":false},{"ty":"tr","p":{"a":0,"k":[0,0],"ix":2},"a":{"a":0,"k":[0,0],"ix":1},"s":{"a":0,"k":[100,100],"ix":3},"r":{"a":0,"k":0,"ix":6},"o":{"a":0,"k":100,"ix":7},"sk":{"a":0,"k":0,"ix":4},"sa":{"a":0,"k":0,"ix":5},"nm":"Transform"}],"nm":"Shape 1","np":3,"cix":2,"bm":0,"ix":1,"mn":"ADBE Vector Group","hd":false},{"ty":"tm","s":{"a":1,"k":[{"i":{"x":[0.833],"y":[0.833]},"o":{"x":[0.167],"y":[0.167]},"t":110.109,"s":[0]},{"t":120.12109375,"s":[100]}],"ix":1},"e":{"a":1,"k":[{"i":{"x":[0.833],"y":[0.833]},"o":{"x":[0.167],"y":[0.167]},"t":100.1,"s":[0]},{"t":120.12109375,"s":[100]}],"ix":2},"o":{"a":0,"k":0,"ix":3},"m":1,"ix":2,"nm":"Trim Paths 1","mn":"ADBE Vector Filter - Trim","hd":false}],"ip":100.1001001001,"op":120.12012012012,"st":0,"bm":0},{"ddd":0,"ind":2,"ty":4,"nm":"Soplo Line 12","parent":26,"sr":1,"ks":{"o":{"a":0,"k":100,"ix":11},"r":{"a":0,"k":0,"ix":10},"p":{"a":0,"k":[50,198.5,0],"ix":2},"a":{"a":0,"k":[0,0,0],"ix":1},"s":{"a":0,"k":[100,100,100],"ix":6}},"ao":0,"shapes":[{"ty":"gr","it":[{"ind":0,"ty":"sh","ix":1,"ks":{"a":0,"k":{"i":[[0,0],[-7,-32],[-2,-79]],"o":[[-25,48],[10,49],[2.153,85.026]],"v":[[-1,113.5],[-6,264.5],[1,439.5]],"c":false},"ix":2},"nm":"Path 1","mn":"ADBE Vector Shape - Group","hd":false},{"ty":"st","c":{"a":0,"k":[0,0,0,1],"ix":3},"o":{"a":0,"k":100,"ix":4},"w":{"a":0,"k":10,"ix":5},"lc":2,"lj":2,"bm":0,"nm":"Stroke 1","mn":"ADBE Vector Graphic - Stroke","hd":false},{"ty":"tr","p":{"a":0,"k":[0,0],"ix":2},"a":{"a":0,"k":[0,0],"ix":1},"s":{"a":0,"k":[100,100],"ix":3},"r":{"a":0,"k":0,"ix":6},"o":{"a":0,"k":100,"ix":7},"sk":{"a":0,"k":0,"ix":4},"sa":{"a":0,"k":0,"ix":5},"nm":"Transform"}],"nm":"Shape 1","np":3,"cix":2,"bm":0,"ix":1,"mn":"ADBE Vector Group","hd":false},{"ty":"tm","s":{"a":1,"k":[{"i":{"x":[0.833],"y":[0.833]},"o":{"x":[0.167],"y":[0.167]},"t":96.096,"s":[0]},{"i":{"x":[0.833],"y":[0.833]},"o":{"x":[0.167],"y":[0.167]},"t":104.103,"s":[6]},{"t":110.109326122998,"s":[100]}],"ix":1},"e":{"a":1,"k":[{"i":{"x":[0.833],"y":[0.833]},"o":{"x":[0.167],"y":[0.167]},"t":98.098,"s":[0]},{"t":112.111279247998,"s":[100]}],"ix":2},"o":{"a":0,"k":0,"ix":3},"m":1,"ix":2,"nm":"Trim Paths 1","mn":"ADBE Vector Filter - Trim","hd":false}],"ip":96.0960960960961,"op":114.114114114114,"st":-2.002002002002,"bm":0},{"ddd":0,"ind":3,"ty":4,"nm":"Soplo Line 11","parent":26,"sr":1,"ks":{"o":{"a":0,"k":100,"ix":11},"r":{"a":0,"k":0,"ix":10},"p":{"a":0,"k":[50,198.5,0],"ix":2},"a":{"a":0,"k":[0,0,0],"ix":1},"s":{"a":0,"k":[100,100,100],"ix":6}},"ao":0,"shapes":[{"ty":"gr","it":[{"ind":0,"ty":"sh","ix":1,"ks":{"a":0,"k":{"i":[[0,0],[-60,-147],[-2,-79]],"o":[[0,0],[24.177,59.232],[2.153,85.026]],"v":[[-5,108.5],[-17,289.5],[1,439.5]],"c":false},"ix":2},"nm":"Path 1","mn":"ADBE Vector Shape - Group","hd":false},{"ty":"st","c":{"a":0,"k":[0,0,0,1],"ix":3},"o":{"a":0,"k":100,"ix":4},"w":{"a":0,"k":10,"ix":5},"lc":2,"lj":2,"bm":0,"nm":"Stroke 1","mn":"ADBE Vector Graphic - Stroke","hd":false},{"ty":"tr","p":{"a":0,"k":[0,0],"ix":2},"a":{"a":0,"k":[0,0],"ix":1},"s":{"a":0,"k":[100,100],"ix":3},"r":{"a":0,"k":0,"ix":6},"o":{"a":0,"k":100,"ix":7},"sk":{"a":0,"k":0,"ix":4},"sa":{"a":0,"k":0,"ix":5},"nm":"Transform"}],"nm":"Shape 1","np":3,"cix":2,"bm":0,"ix":1,"mn":"ADBE Vector Group","hd":false},{"ty":"tm","s":{"a":1,"k":[{"i":{"x":[0.833],"y":[0.833]},"o":{"x":[0.167],"y":[0.167]},"t":82.082,"s":[0]},{"t":106.105370995996,"s":[100]}],"ix":1},"e":{"a":1,"k":[{"i":{"x":[0.833],"y":[0.833]},"o":{"x":[0.167],"y":[0.167]},"t":88.088,"s":[0]},{"t":110.109277245996,"s":[100]}],"ix":2},"o":{"a":0,"k":0,"ix":3},"m":1,"ix":2,"nm":"Trim Paths 1","mn":"ADBE Vector Filter - Trim","hd":false}],"ip":82.0820820820821,"op":112.112112112112,"st":-4.004004004004,"bm":0},{"ddd":0,"ind":4,"ty":4,"nm":"Soplo Line 10","parent":26,"sr":1,"ks":{"o":{"a":0,"k":100,"ix":11},"r":{"a":0,"k":0,"ix":10},"p":{"a":0,"k":[50,198.5,0],"ix":2},"a":{"a":0,"k":[0,0,0],"ix":1},"s":{"a":0,"k":[-100,100,100],"ix":6}},"ao":0,"shapes":[{"ty":"gr","it":[{"ind":0,"ty":"sh","ix":1,"ks":{"a":0,"k":{"i":[[0,0],[-60,-147],[-2,-79]],"o":[[0,0],[24.177,59.232],[2.153,85.026]],"v":[[-5,108.5],[-17,289.5],[1,439.5]],"c":false},"ix":2},"nm":"Path 1","mn":"ADBE Vector Shape - Group","hd":false},{"ty":"st","c":{"a":0,"k":[0,0,0,1],"ix":3},"o":{"a":0,"k":100,"ix":4},"w":{"a":0,"k":10,"ix":5},"lc":2,"lj":2,"bm":0,"nm":"Stroke 1","mn":"ADBE Vector Graphic - Stroke","hd":false},{"ty":"tr","p":{"a":0,"k":[0,0],"ix":2},"a":{"a":0,"k":[0,0],"ix":1},"s":{"a":0,"k":[100,100],"ix":3},"r":{"a":0,"k":0,"ix":6},"o":{"a":0,"k":100,"ix":7},"sk":{"a":0,"k":0,"ix":4},"sa":{"a":0,"k":0,"ix":5},"nm":"Transform"}],"nm":"Shape 1","np":3,"cix":2,"bm":0,"ix":1,"mn":"ADBE Vector Group","hd":false},{"ty":"tm","s":{"a":1,"k":[{"i":{"x":[0.833],"y":[0.833]},"o":{"x":[0.167],"y":[0.167]},"t":84.084,"s":[0]},{"t":94.09375,"s":[100]}],"ix":1},"e":{"a":1,"k":[{"i":{"x":[0.833],"y":[0.833]},"o":{"x":[0.167],"y":[0.167]},"t":74.074,"s":[0]},{"t":94.09375,"s":[100]}],"ix":2},"o":{"a":0,"k":0,"ix":3},"m":1,"ix":2,"nm":"Trim Paths 1","mn":"ADBE Vector Filter - Trim","hd":false}],"ip":74.0740740740741,"op":96.0960960960961,"st":0,"bm":0},{"ddd":0,"ind":5,"ty":4,"nm":"Soplo Line 9","parent":26,"sr":1,"ks":{"o":{"a":0,"k":100,"ix":11},"r":{"a":0,"k":0,"ix":10},"p":{"a":0,"k":[50,198.5,0],"ix":2},"a":{"a":0,"k":[0,0,0],"ix":1},"s":{"a":0,"k":[100,100,100],"ix":6}},"ao":0,"shapes":[{"ty":"gr","it":[{"ind":0,"ty":"sh","ix":1,"ks":{"a":0,"k":{"i":[[0,0],[-60,-147],[-2,-79]],"o":[[0,0],[24.177,59.232],[2.153,85.026]],"v":[[-5,108.5],[-17,289.5],[1,439.5]],"c":false},"ix":2},"nm":"Path 1","mn":"ADBE Vector Shape - Group","hd":false},{"ty":"st","c":{"a":0,"k":[0,0,0,1],"ix":3},"o":{"a":0,"k":100,"ix":4},"w":{"a":0,"k":10,"ix":5},"lc":2,"lj":2,"bm":0,"nm":"Stroke 1","mn":"ADBE Vector Graphic - Stroke","hd":false},{"ty":"tr","p":{"a":0,"k":[0,0],"ix":2},"a":{"a":0,"k":[0,0],"ix":1},"s":{"a":0,"k":[100,100],"ix":3},"r":{"a":0,"k":0,"ix":6},"o":{"a":0,"k":100,"ix":7},"sk":{"a":0,"k":0,"ix":4},"sa":{"a":0,"k":0,"ix":5},"nm":"Transform"}],"nm":"Shape 1","np":3,"cix":2,"bm":0,"ix":1,"mn":"ADBE Vector Group","hd":false},{"ty":"tm","s":{"a":1,"k":[{"i":{"x":[0.833],"y":[0.833]},"o":{"x":[0.167],"y":[0.167]},"t":60.061,"s":[0]},{"t":84.083984375,"s":[100]}],"ix":1},"e":{"a":1,"k":[{"i":{"x":[0.833],"y":[0.833]},"o":{"x":[0.167],"y":[0.167]},"t":66.066,"s":[0]},{"t":88.087890625,"s":[100]}],"ix":2},"o":{"a":0,"k":0,"ix":3},"m":1,"ix":2,"nm":"Trim Paths 1","mn":"ADBE Vector Filter - Trim","hd":false}],"ip":60.0600600600601,"op":90.0900900900901,"st":0,"bm":0},{"ddd":0,"ind":6,"ty":4,"nm":"Soplo Line 8","parent":26,"sr":1,"ks":{"o":{"a":0,"k":100,"ix":11},"r":{"a":0,"k":0,"ix":10},"p":{"a":0,"k":[50,198.5,0],"ix":2},"a":{"a":0,"k":[0,0,0],"ix":1},"s":{"a":0,"k":[100,100,100],"ix":6}},"ao":0,"shapes":[{"ty":"gr","it":[{"ind":0,"ty":"sh","ix":1,"ks":{"a":0,"k":{"i":[[0,0],[-7,-32],[-2,-79]],"o":[[-25,48],[10,49],[2.153,85.026]],"v":[[-1,113.5],[-6,264.5],[1,439.5]],"c":false},"ix":2},"nm":"Path 1","mn":"ADBE Vector Shape - Group","hd":false},{"ty":"st","c":{"a":0,"k":[0,0,0,1],"ix":3},"o":{"a":0,"k":100,"ix":4},"w":{"a":0,"k":10,"ix":5},"lc":2,"lj":2,"bm":0,"nm":"Stroke 1","mn":"ADBE Vector Graphic - Stroke","hd":false},{"ty":"tr","p":{"a":0,"k":[0,0],"ix":2},"a":{"a":0,"k":[0,0],"ix":1},"s":{"a":0,"k":[100,100],"ix":3},"r":{"a":0,"k":0,"ix":6},"o":{"a":0,"k":100,"ix":7},"sk":{"a":0,"k":0,"ix":4},"sa":{"a":0,"k":0,"ix":5},"nm":"Transform"}],"nm":"Shape 1","np":3,"cix":2,"bm":0,"ix":1,"mn":"ADBE Vector Group","hd":false},{"ty":"tm","s":{"a":1,"k":[{"i":{"x":[0.833],"y":[0.833]},"o":{"x":[0.167],"y":[0.167]},"t":56.057,"s":[0]},{"i":{"x":[0.833],"y":[0.833]},"o":{"x":[0.167],"y":[0.167]},"t":64.064,"s":[6]},{"t":70.0703125,"s":[100]}],"ix":1},"e":{"a":1,"k":[{"i":{"x":[0.833],"y":[0.833]},"o":{"x":[0.167],"y":[0.167]},"t":58.059,"s":[0]},{"t":72.072265625,"s":[100]}],"ix":2},"o":{"a":0,"k":0,"ix":3},"m":1,"ix":2,"nm":"Trim Paths 1","mn":"ADBE Vector Filter - Trim","hd":false}],"ip":56.0560560560561,"op":74.0740740740741,"st":0,"bm":0},{"ddd":0,"ind":7,"ty":4,"nm":"Soplo Line 7","parent":26,"sr":1,"ks":{"o":{"a":0,"k":100,"ix":11},"r":{"a":0,"k":0,"ix":10},"p":{"a":0,"k":[50,198.5,0],"ix":2},"a":{"a":0,"k":[0,0,0],"ix":1},"s":{"a":0,"k":[-100,100,100],"ix":6}},"ao":0,"shapes":[{"ty":"gr","it":[{"ind":0,"ty":"sh","ix":1,"ks":{"a":0,"k":{"i":[[0,0],[-60,-147],[-2,-79]],"o":[[0,0],[24.177,59.232],[2.153,85.026]],"v":[[-5,108.5],[-17,289.5],[1,439.5]],"c":false},"ix":2},"nm":"Path 1","mn":"ADBE Vector Shape - Group","hd":false},{"ty":"st","c":{"a":0,"k":[0,0,0,1],"ix":3},"o":{"a":0,"k":100,"ix":4},"w":{"a":0,"k":10,"ix":5},"lc":2,"lj":2,"bm":0,"nm":"Stroke 1","mn":"ADBE Vector Graphic - Stroke","hd":false},{"ty":"tr","p":{"a":0,"k":[0,0],"ix":2},"a":{"a":0,"k":[0,0],"ix":1},"s":{"a":0,"k":[100,100],"ix":3},"r":{"a":0,"k":0,"ix":6},"o":{"a":0,"k":100,"ix":7},"sk":{"a":0,"k":0,"ix":4},"sa":{"a":0,"k":0,"ix":5},"nm":"Transform"}],"nm":"Shape 1","np":3,"cix":2,"bm":0,"ix":1,"mn":"ADBE Vector Group","hd":false},{"ty":"tm","s":{"a":1,"k":[{"i":{"x":[0.833],"y":[0.833]},"o":{"x":[0.167],"y":[0.167]},"t":58.059,"s":[0]},{"t":68.068359375,"s":[100]}],"ix":1},"e":{"a":1,"k":[{"i":{"x":[0.833],"y":[0.833]},"o":{"x":[0.167],"y":[0.167]},"t":48.049,"s":[0]},{"t":68.068359375,"s":[100]}],"ix":2},"o":{"a":0,"k":0,"ix":3},"m":1,"ix":2,"nm":"Trim Paths 1","mn":"ADBE Vector Filter - Trim","hd":false}],"ip":48.0480480480481,"op":70.0700700700701,"st":0,"bm":0},{"ddd":0,"ind":8,"ty":4,"nm":"Soplo Line 6","parent":26,"sr":1,"ks":{"o":{"a":0,"k":100,"ix":11},"r":{"a":0,"k":0,"ix":10},"p":{"a":0,"k":[50,198.5,0],"ix":2},"a":{"a":0,"k":[0,0,0],"ix":1},"s":{"a":0,"k":[-100,100,100],"ix":6}},"ao":0,"shapes":[{"ty":"gr","it":[{"ind":0,"ty":"sh","ix":1,"ks":{"a":0,"k":{"i":[[0,0],[-7,-32],[-2,-79]],"o":[[-25,48],[10,49],[2.153,85.026]],"v":[[-1,113.5],[-6,264.5],[1,439.5]],"c":false},"ix":2},"nm":"Path 1","mn":"ADBE Vector Shape - Group","hd":false},{"ty":"st","c":{"a":0,"k":[0,0,0,1],"ix":3},"o":{"a":0,"k":100,"ix":4},"w":{"a":0,"k":10,"ix":5},"lc":2,"lj":2,"bm":0,"nm":"Stroke 1","mn":"ADBE Vector Graphic - Stroke","hd":false},{"ty":"tr","p":{"a":0,"k":[0,0],"ix":2},"a":{"a":0,"k":[0,0],"ix":1},"s":{"a":0,"k":[100,100],"ix":3},"r":{"a":0,"k":0,"ix":6},"o":{"a":0,"k":100,"ix":7},"sk":{"a":0,"k":0,"ix":4},"sa":{"a":0,"k":0,"ix":5},"nm":"Transform"}],"nm":"Shape 1","np":3,"cix":2,"bm":0,"ix":1,"mn":"ADBE Vector Group","hd":false},{"ty":"tm","s":{"a":1,"k":[{"i":{"x":[0.833],"y":[0.833]},"o":{"x":[0.167],"y":[0.167]},"t":36.035,"s":[0]},{"i":{"x":[0.833],"y":[0.833]},"o":{"x":[0.167],"y":[0.167]},"t":44.045,"s":[6]},{"t":50.05078125,"s":[100]}],"ix":1},"e":{"a":1,"k":[{"i":{"x":[0.833],"y":[0.833]},"o":{"x":[0.167],"y":[0.167]},"t":38.037,"s":[0]},{"t":52.052734375,"s":[100]}],"ix":2},"o":{"a":0,"k":0,"ix":3},"m":1,"ix":2,"nm":"Trim Paths 1","mn":"ADBE Vector Filter - Trim","hd":false}],"ip":36.036036036036,"op":54.0540540540541,"st":0,"bm":0},{"ddd":0,"ind":9,"ty":4,"nm":"Soplo Line 5","parent":26,"sr":1,"ks":{"o":{"a":0,"k":100,"ix":11},"r":{"a":0,"k":0,"ix":10},"p":{"a":0,"k":[50,198.5,0],"ix":2},"a":{"a":0,"k":[0,0,0],"ix":1},"s":{"a":0,"k":[100,100,100],"ix":6}},"ao":0,"shapes":[{"ty":"gr","it":[{"ind":0,"ty":"sh","ix":1,"ks":{"a":0,"k":{"i":[[0,0],[-60,-147],[-2,-79]],"o":[[0,0],[24.177,59.232],[2.153,85.026]],"v":[[-5,108.5],[-17,289.5],[1,439.5]],"c":false},"ix":2},"nm":"Path 1","mn":"ADBE Vector Shape - Group","hd":false},{"ty":"st","c":{"a":0,"k":[0,0,0,1],"ix":3},"o":{"a":0,"k":100,"ix":4},"w":{"a":0,"k":10,"ix":5},"lc":2,"lj":2,"bm":0,"nm":"Stroke 1","mn":"ADBE Vector Graphic - Stroke","hd":false},{"ty":"tr","p":{"a":0,"k":[0,0],"ix":2},"a":{"a":0,"k":[0,0],"ix":1},"s":{"a":0,"k":[100,100],"ix":3},"r":{"a":0,"k":0,"ix":6},"o":{"a":0,"k":100,"ix":7},"sk":{"a":0,"k":0,"ix":4},"sa":{"a":0,"k":0,"ix":5},"nm":"Transform"}],"nm":"Shape 1","np":3,"cix":2,"bm":0,"ix":1,"mn":"ADBE Vector Group","hd":false},{"ty":"tm","s":{"a":1,"k":[{"i":{"x":[0.833],"y":[0.833]},"o":{"x":[0.167],"y":[0.167]},"t":24.023,"s":[0]},{"t":48.048828125,"s":[100]}],"ix":1},"e":{"a":1,"k":[{"i":{"x":[0.833],"y":[0.833]},"o":{"x":[0.167],"y":[0.167]},"t":30.029,"s":[0]},{"t":52.052734375,"s":[100]}],"ix":2},"o":{"a":0,"k":0,"ix":3},"m":1,"ix":2,"nm":"Trim Paths 1","mn":"ADBE Vector Filter - Trim","hd":false}],"ip":24.024024024024,"op":54.0540540540541,"st":0,"bm":0},{"ddd":0,"ind":10,"ty":4,"nm":"Soplo Line 4","parent":26,"sr":1,"ks":{"o":{"a":0,"k":100,"ix":11},"r":{"a":0,"k":0,"ix":10},"p":{"a":0,"k":[50,198.5,0],"ix":2},"a":{"a":0,"k":[0,0,0],"ix":1},"s":{"a":0,"k":[-100,100,100],"ix":6}},"ao":0,"shapes":[{"ty":"gr","it":[{"ind":0,"ty":"sh","ix":1,"ks":{"a":0,"k":{"i":[[0,0],[-7,-32],[-2,-79]],"o":[[-25,48],[10,49],[2.153,85.026]],"v":[[-1,113.5],[-6,264.5],[1,439.5]],"c":false},"ix":2},"nm":"Path 1","mn":"ADBE Vector Shape - Group","hd":false},{"ty":"st","c":{"a":0,"k":[0,0,0,1],"ix":3},"o":{"a":0,"k":100,"ix":4},"w":{"a":0,"k":10,"ix":5},"lc":2,"lj":2,"bm":0,"nm":"Stroke 1","mn":"ADBE Vector Graphic - Stroke","hd":false},{"ty":"tr","p":{"a":0,"k":[0,0],"ix":2},"a":{"a":0,"k":[0,0],"ix":1},"s":{"a":0,"k":[100,100],"ix":3},"r":{"a":0,"k":0,"ix":6},"o":{"a":0,"k":100,"ix":7},"sk":{"a":0,"k":0,"ix":4},"sa":{"a":0,"k":0,"ix":5},"nm":"Transform"}],"nm":"Shape 1","np":3,"cix":2,"bm":0,"ix":1,"mn":"ADBE Vector Group","hd":false},{"ty":"tm","s":{"a":1,"k":[{"i":{"x":[0.833],"y":[0.833]},"o":{"x":[0.167],"y":[0.167]},"t":22.021,"s":[0]},{"i":{"x":[0.833],"y":[0.833]},"o":{"x":[0.167],"y":[0.167]},"t":30.029,"s":[6]},{"t":36.03515625,"s":[100]}],"ix":1},"e":{"a":1,"k":[{"i":{"x":[0.833],"y":[0.833]},"o":{"x":[0.167],"y":[0.167]},"t":24.023,"s":[0]},{"t":38.037109375,"s":[100]}],"ix":2},"o":{"a":0,"k":0,"ix":3},"m":1,"ix":2,"nm":"Trim Paths 1","mn":"ADBE Vector Filter - Trim","hd":false}],"ip":22.022022022022,"op":40.04004004004,"st":0,"bm":0},{"ddd":0,"ind":11,"ty":4,"nm":"Soplo Line 3","parent":26,"sr":1,"ks":{"o":{"a":0,"k":100,"ix":11},"r":{"a":0,"k":0,"ix":10},"p":{"a":0,"k":[50,198.5,0],"ix":2},"a":{"a":0,"k":[0,0,0],"ix":1},"s":{"a":0,"k":[-100,100,100],"ix":6}},"ao":0,"shapes":[{"ty":"gr","it":[{"ind":0,"ty":"sh","ix":1,"ks":{"a":0,"k":{"i":[[0,0],[-60,-147],[-2,-79]],"o":[[0,0],[24.177,59.232],[2.153,85.026]],"v":[[-5,108.5],[-17,289.5],[1,439.5]],"c":false},"ix":2},"nm":"Path 1","mn":"ADBE Vector Shape - Group","hd":false},{"ty":"st","c":{"a":0,"k":[0,0,0,1],"ix":3},"o":{"a":0,"k":100,"ix":4},"w":{"a":0,"k":10,"ix":5},"lc":2,"lj":2,"bm":0,"nm":"Stroke 1","mn":"ADBE Vector Graphic - Stroke","hd":false},{"ty":"tr","p":{"a":0,"k":[0,0],"ix":2},"a":{"a":0,"k":[0,0],"ix":1},"s":{"a":0,"k":[100,100],"ix":3},"r":{"a":0,"k":0,"ix":6},"o":{"a":0,"k":100,"ix":7},"sk":{"a":0,"k":0,"ix":4},"sa":{"a":0,"k":0,"ix":5},"nm":"Transform"}],"nm":"Shape 1","np":3,"cix":2,"bm":0,"ix":1,"mn":"ADBE Vector Group","hd":false},{"ty":"tm","s":{"a":1,"k":[{"i":{"x":[0.833],"y":[0.833]},"o":{"x":[0.167],"y":[0.167]},"t":12.012,"s":[0]},{"i":{"x":[0.833],"y":[0.833]},"o":{"x":[0.167],"y":[0.167]},"t":20.02,"s":[6]},{"t":32.03125,"s":[100]}],"ix":1},"e":{"a":1,"k":[{"i":{"x":[0.833],"y":[0.833]},"o":{"x":[0.167],"y":[0.167]},"t":14.014,"s":[0]},{"t":30.029296875,"s":[100]}],"ix":2},"o":{"a":0,"k":0,"ix":3},"m":1,"ix":2,"nm":"Trim Paths 1","mn":"ADBE Vector Filter - Trim","hd":false}],"ip":12.012012012012,"op":34.034034034034,"st":0,"bm":0},{"ddd":0,"ind":12,"ty":4,"nm":"Soplo Line 2","parent":26,"sr":1,"ks":{"o":{"a":0,"k":100,"ix":11},"r":{"a":0,"k":0,"ix":10},"p":{"a":0,"k":[50,198.5,0],"ix":2},"a":{"a":0,"k":[0,0,0],"ix":1},"s":{"a":0,"k":[100,100,100],"ix":6}},"ao":0,"shapes":[{"ty":"gr","it":[{"ind":0,"ty":"sh","ix":1,"ks":{"a":0,"k":{"i":[[0,0],[-7,-32],[-2,-79]],"o":[[-25,48],[10,49],[2.153,85.026]],"v":[[-1,113.5],[-6,264.5],[1,439.5]],"c":false},"ix":2},"nm":"Path 1","mn":"ADBE Vector Shape - Group","hd":false},{"ty":"st","c":{"a":0,"k":[0,0,0,1],"ix":3},"o":{"a":0,"k":100,"ix":4},"w":{"a":0,"k":10,"ix":5},"lc":2,"lj":2,"bm":0,"nm":"Stroke 1","mn":"ADBE Vector Graphic - Stroke","hd":false},{"ty":"tr","p":{"a":0,"k":[0,0],"ix":2},"a":{"a":0,"k":[0,0],"ix":1},"s":{"a":0,"k":[100,100],"ix":3},"r":{"a":0,"k":0,"ix":6},"o":{"a":0,"k":100,"ix":7},"sk":{"a":0,"k":0,"ix":4},"sa":{"a":0,"k":0,"ix":5},"nm":"Transform"}],"nm":"Shape 1","np":3,"cix":2,"bm":0,"ix":1,"mn":"ADBE Vector Group","hd":false},{"ty":"tm","s":{"a":1,"k":[{"i":{"x":[0.833],"y":[0.833]},"o":{"x":[0.167],"y":[0.167]},"t":10.01,"s":[0]},{"i":{"x":[0.833],"y":[0.833]},"o":{"x":[0.167],"y":[0.167]},"t":18.018,"s":[6]},{"t":24.0234375,"s":[100]}],"ix":1},"e":{"a":1,"k":[{"i":{"x":[0.833],"y":[0.833]},"o":{"x":[0.167],"y":[0.167]},"t":12.012,"s":[0]},{"t":26.025390625,"s":[100]}],"ix":2},"o":{"a":0,"k":0,"ix":3},"m":1,"ix":2,"nm":"Trim Paths 1","mn":"ADBE Vector Filter - Trim","hd":false}],"ip":8.00800800800801,"op":28.028028028028,"st":0,"bm":0},{"ddd":0,"ind":13,"ty":4,"nm":"Soplo Line 1","parent":26,"sr":1,"ks":{"o":{"a":0,"k":100,"ix":11},"r":{"a":0,"k":0,"ix":10},"p":{"a":0,"k":[50,198.5,0],"ix":2},"a":{"a":0,"k":[0,0,0],"ix":1},"s":{"a":0,"k":[100,100,100],"ix":6}},"ao":0,"shapes":[{"ty":"gr","it":[{"ind":0,"ty":"sh","ix":1,"ks":{"a":0,"k":{"i":[[0,0],[-60,-147],[-2,-79]],"o":[[0,0],[24.177,59.232],[2.153,85.026]],"v":[[-5,108.5],[-17,289.5],[1,439.5]],"c":false},"ix":2},"nm":"Path 1","mn":"ADBE Vector Shape - Group","hd":false},{"ty":"st","c":{"a":0,"k":[0,0,0,1],"ix":3},"o":{"a":0,"k":100,"ix":4},"w":{"a":0,"k":10,"ix":5},"lc":2,"lj":2,"bm":0,"nm":"Stroke 1","mn":"ADBE Vector Graphic - Stroke","hd":false},{"ty":"tr","p":{"a":0,"k":[0,0],"ix":2},"a":{"a":0,"k":[0,0],"ix":1},"s":{"a":0,"k":[100,100],"ix":3},"r":{"a":0,"k":0,"ix":6},"o":{"a":0,"k":100,"ix":7},"sk":{"a":0,"k":0,"ix":4},"sa":{"a":0,"k":0,"ix":5},"nm":"Transform"}],"nm":"Shape 1","np":3,"cix":2,"bm":0,"ix":1,"mn":"ADBE Vector Group","hd":false},{"ty":"tm","s":{"a":1,"k":[{"i":{"x":[0.833],"y":[0.833]},"o":{"x":[0.167],"y":[0.167]},"t":0,"s":[0]},{"i":{"x":[0.833],"y":[0.833]},"o":{"x":[0.167],"y":[0.167]},"t":8.008,"s":[6]},{"t":20.01953125,"s":[100]}],"ix":1},"e":{"a":1,"k":[{"i":{"x":[0.833],"y":[0.833]},"o":{"x":[0.167],"y":[0.167]},"t":2.002,"s":[0]},{"t":18.017578125,"s":[100]}],"ix":2},"o":{"a":0,"k":0,"ix":3},"m":1,"ix":2,"nm":"Trim Paths 1","mn":"ADBE Vector Filter - Trim","hd":false}],"ip":0,"op":22.022022022022,"st":0,"bm":0},{"ddd":0,"ind":14,"ty":4,"nm":"Soplo R","parent":26,"sr":1,"ks":{"o":{"a":0,"k":100,"ix":11},"r":{"a":0,"k":0,"ix":10},"p":{"a":0,"k":[40,210.5,0],"ix":2},"a":{"a":0,"k":[0,0,0],"ix":1},"s":{"a":0,"k":[-100,100,100],"ix":6}},"ao":0,"shapes":[{"ty":"gr","it":[{"ind":0,"ty":"sh","ix":1,"ks":{"a":1,"k":[{"i":{"x":0.833,"y":0.833},"o":{"x":0.167,"y":0.167},"t":0,"s":[{"i":[[41,-28],[4.213,-58.135],[0,-55]],"o":[[-23,20],[3,96],[0,55]],"v":[[-25,76.5],[-75,178.5],[-29,367.5]],"c":false}]},{"i":{"x":0.833,"y":0.833},"o":{"x":0.167,"y":0.167},"t":2.002,"s":[{"i":[[41,-28],[1,-63],[0.5,-95]],"o":[[-23,20],[-1,63],[0,55]],"v":[[-25,76.5],[-75.5,171.5],[-28,380]],"c":false}]},{"i":{"x":0.833,"y":0.833},"o":{"x":0.167,"y":0.167},"t":4.004,"s":[{"i":[[41,-28],[1,-63],[0,-128.5]],"o":[[-20,7.5],[-1,63],[0,55]],"v":[[-25,76.5],[-77.5,161],[-28.5,391.5]],"c":false}]},{"i":{"x":0.833,"y":0.833},"o":{"x":0.167,"y":0.167},"t":6.006,"s":[{"i":[[41,-28],[0.5,-53.5],[-1,-156.5]],"o":[[-20,7.5],[4,73.5],[0,55]],"v":[[-25,76.5],[-76,153.5],[-30,413.5]],"c":false}]},{"i":{"x":0.833,"y":0.833},"o":{"x":0.167,"y":0.167},"t":8.008,"s":[{"i":[[41,-28],[1,-63],[0,-128.5]],"o":[[-20,7.5],[-1,63],[0,55]],"v":[[-25,76.5],[-77.5,161],[-31,389.5]],"c":false}]},{"i":{"x":0.833,"y":0.833},"o":{"x":0.167,"y":0.167},"t":10.01,"s":[{"i":[[41,-28],[1,-63],[0.5,-95]],"o":[[-23,20],[-1,63],[0,55]],"v":[[-25,76.5],[-75.5,171.5],[-32,376.5]],"c":false}]},{"i":{"x":0.833,"y":0.833},"o":{"x":0.167,"y":0.167},"t":12.012,"s":[{"i":[[41,-28],[4.213,-58.135],[0,-55]],"o":[[-23,20],[3,96],[0,55]],"v":[[-25,76.5],[-75,178.5],[-29,367.5]],"c":false}]},{"i":{"x":0.833,"y":0.833},"o":{"x":0.167,"y":0.167},"t":14.014,"s":[{"i":[[41,-28],[4.213,-58.135],[0,-55]],"o":[[-23,20],[3,96],[0,55]],"v":[[-25,76.5],[-75,178.5],[-29,367.5]],"c":false}]},{"i":{"x":0.833,"y":0.833},"o":{"x":0.167,"y":0.167},"t":16.016,"s":[{"i":[[41,-28],[1,-63],[0.5,-95]],"o":[[-23,20],[-1,63],[0,55]],"v":[[-25,76.5],[-75.5,171.5],[-28,380]],"c":false}]},{"i":{"x":0.833,"y":0.833},"o":{"x":0.167,"y":0.167},"t":18.018,"s":[{"i":[[41,-28],[1,-63],[0,-128.5]],"o":[[-20,7.5],[-1,63],[0,55]],"v":[[-25,76.5],[-77.5,161],[-28.5,391.5]],"c":false}]},{"i":{"x":0.833,"y":0.833},"o":{"x":0.167,"y":0.167},"t":20.02,"s":[{"i":[[41,-28],[0.5,-53.5],[-1,-156.5]],"o":[[-20,7.5],[4,73.5],[0,55]],"v":[[-25,76.5],[-76,153.5],[-30,413.5]],"c":false}]},{"i":{"x":0.833,"y":0.833},"o":{"x":0.167,"y":0.167},"t":22.021,"s":[{"i":[[41,-28],[1,-63],[0,-128.5]],"o":[[-20,7.5],[-1,63],[0,55]],"v":[[-25,76.5],[-77.5,161],[-31,389.5]],"c":false}]},{"i":{"x":0.833,"y":0.833},"o":{"x":0.167,"y":0.167},"t":24.023,"s":[{"i":[[41,-28],[1,-63],[0.5,-95]],"o":[[-23,20],[-1,63],[0,55]],"v":[[-25,76.5],[-75.5,171.5],[-32,376.5]],"c":false}]},{"i":{"x":0.833,"y":0.833},"o":{"x":0.167,"y":0.167},"t":26.025,"s":[{"i":[[41,-28],[4.213,-58.135],[0,-55]],"o":[[-23,20],[3,96],[0,55]],"v":[[-25,76.5],[-75,178.5],[-29,367.5]],"c":false}]},{"i":{"x":0.833,"y":0.833},"o":{"x":0.167,"y":0.167},"t":28.027,"s":[{"i":[[41,-28],[1,-63],[0.5,-95]],"o":[[-23,20],[-1,63],[0,55]],"v":[[-25,76.5],[-75.5,171.5],[-28,380]],"c":false}]},{"i":{"x":0.833,"y":0.833},"o":{"x":0.167,"y":0.167},"t":30.029,"s":[{"i":[[41,-28],[1,-63],[0,-128.5]],"o":[[-20,7.5],[-1,63],[0,55]],"v":[[-25,76.5],[-77.5,161],[-28.5,391.5]],"c":false}]},{"i":{"x":0.833,"y":0.833},"o":{"x":0.167,"y":0.167},"t":32.031,"s":[{"i":[[41,-28],[0.5,-53.5],[-1,-156.5]],"o":[[-20,7.5],[4,73.5],[0,55]],"v":[[-25,76.5],[-76,153.5],[-30,413.5]],"c":false}]},{"i":{"x":0.833,"y":0.833},"o":{"x":0.167,"y":0.167},"t":34.033,"s":[{"i":[[41,-28],[1,-63],[0,-128.5]],"o":[[-20,7.5],[-1,63],[0,55]],"v":[[-25,76.5],[-77.5,161],[-31,389.5]],"c":false}]},{"i":{"x":0.833,"y":0.833},"o":{"x":0.167,"y":0.167},"t":36.035,"s":[{"i":[[41,-28],[1,-63],[0.5,-95]],"o":[[-23,20],[-1,63],[0,55]],"v":[[-25,76.5],[-75.5,171.5],[-32,376.5]],"c":false}]},{"i":{"x":0.833,"y":0.833},"o":{"x":0.167,"y":0.167},"t":38.037,"s":[{"i":[[41,-28],[4.213,-58.135],[0,-55]],"o":[[-23,20],[3,96],[0,55]],"v":[[-25,76.5],[-75,178.5],[-29,367.5]],"c":false}]},{"i":{"x":0.833,"y":0.833},"o":{"x":0.167,"y":0.167},"t":40.041,"s":[{"i":[[41,-28],[1,-63],[0.5,-95]],"o":[[-23,20],[-1,63],[0,55]],"v":[[-25,76.5],[-75.5,171.5],[-28,380]],"c":false}]},{"i":{"x":0.833,"y":0.833},"o":{"x":0.167,"y":0.167},"t":42.043,"s":[{"i":[[41,-28],[1,-63],[0,-128.5]],"o":[[-20,7.5],[-1,63],[0,55]],"v":[[-25,76.5],[-77.5,161],[-28.5,391.5]],"c":false}]},{"i":{"x":0.833,"y":0.833},"o":{"x":0.167,"y":0.167},"t":44.045,"s":[{"i":[[41,-28],[0.5,-53.5],[-1,-156.5]],"o":[[-20,7.5],[4,73.5],[0,55]],"v":[[-25,76.5],[-76,153.5],[-30,413.5]],"c":false}]},{"i":{"x":0.833,"y":0.833},"o":{"x":0.167,"y":0.167},"t":46.047,"s":[{"i":[[41,-28],[1,-63],[0,-128.5]],"o":[[-20,7.5],[-1,63],[0,55]],"v":[[-25,76.5],[-77.5,161],[-31,389.5]],"c":false}]},{"i":{"x":0.833,"y":0.833},"o":{"x":0.167,"y":0.167},"t":48.049,"s":[{"i":[[41,-28],[1,-63],[0.5,-95]],"o":[[-23,20],[-1,63],[0,55]],"v":[[-25,76.5],[-75.5,171.5],[-32,376.5]],"c":false}]},{"i":{"x":0.833,"y":0.833},"o":{"x":0.167,"y":0.167},"t":50.051,"s":[{"i":[[41,-28],[4.213,-58.135],[0,-55]],"o":[[-23,20],[3,96],[0,55]],"v":[[-25,76.5],[-75,178.5],[-29,367.5]],"c":false}]},{"i":{"x":0.833,"y":0.833},"o":{"x":0.167,"y":0.167},"t":52.053,"s":[{"i":[[41,-28],[1,-63],[0.5,-95]],"o":[[-23,20],[-1,63],[0,55]],"v":[[-25,76.5],[-75.5,171.5],[-28,380]],"c":false}]},{"i":{"x":0.833,"y":0.833},"o":{"x":0.167,"y":0.167},"t":54.055,"s":[{"i":[[41,-28],[1,-63],[0,-128.5]],"o":[[-20,7.5],[-1,63],[0,55]],"v":[[-25,76.5],[-77.5,161],[-28.5,391.5]],"c":false}]},{"i":{"x":0.833,"y":0.833},"o":{"x":0.167,"y":0.167},"t":56.057,"s":[{"i":[[41,-28],[0.5,-53.5],[-1,-156.5]],"o":[[-20,7.5],[4,73.5],[0,55]],"v":[[-25,76.5],[-76,153.5],[-30,413.5]],"c":false}]},{"i":{"x":0.833,"y":0.833},"o":{"x":0.167,"y":0.167},"t":58.059,"s":[{"i":[[41,-28],[1,-63],[0,-128.5]],"o":[[-20,7.5],[-1,63],[0,55]],"v":[[-25,76.5],[-77.5,161],[-31,389.5]],"c":false}]},{"i":{"x":0.833,"y":0.833},"o":{"x":0.167,"y":0.167},"t":60.061,"s":[{"i":[[41,-28],[1,-63],[0.5,-95]],"o":[[-23,20],[-1,63],[0,55]],"v":[[-25,76.5],[-75.5,171.5],[-32,376.5]],"c":false}]},{"i":{"x":0.833,"y":0.833},"o":{"x":0.167,"y":0.167},"t":62.062,"s":[{"i":[[41,-28],[4.213,-58.135],[0,-55]],"o":[[-23,20],[3,96],[0,55]],"v":[[-25,76.5],[-75,178.5],[-29,367.5]],"c":false}]},{"i":{"x":0.833,"y":0.833},"o":{"x":0.167,"y":0.167},"t":64.064,"s":[{"i":[[41,-28],[1,-63],[0.5,-95]],"o":[[-23,20],[-1,63],[0,55]],"v":[[-25,76.5],[-75.5,171.5],[-28,380]],"c":false}]},{"i":{"x":0.833,"y":0.833},"o":{"x":0.167,"y":0.167},"t":66.066,"s":[{"i":[[41,-28],[1,-63],[0,-128.5]],"o":[[-20,7.5],[-1,63],[0,55]],"v":[[-25,76.5],[-77.5,161],[-28.5,391.5]],"c":false}]},{"i":{"x":0.833,"y":0.833},"o":{"x":0.167,"y":0.167},"t":68.068,"s":[{"i":[[41,-28],[0.5,-53.5],[-1,-156.5]],"o":[[-20,7.5],[4,73.5],[0,55]],"v":[[-25,76.5],[-76,153.5],[-30,413.5]],"c":false}]},{"i":{"x":0.833,"y":0.833},"o":{"x":0.167,"y":0.167},"t":70.07,"s":[{"i":[[41,-28],[1,-63],[0,-128.5]],"o":[[-20,7.5],[-1,63],[0,55]],"v":[[-25,76.5],[-77.5,161],[-31,389.5]],"c":false}]},{"i":{"x":0.833,"y":0.833},"o":{"x":0.167,"y":0.167},"t":72.072,"s":[{"i":[[41,-28],[1,-63],[0.5,-95]],"o":[[-23,20],[-1,63],[0,55]],"v":[[-25,76.5],[-75.5,171.5],[-32,376.5]],"c":false}]},{"i":{"x":0.833,"y":0.833},"o":{"x":0.167,"y":0.167},"t":74.074,"s":[{"i":[[41,-28],[4.213,-58.135],[0,-55]],"o":[[-23,20],[3,96],[0,55]],"v":[[-25,76.5],[-75,178.5],[-29,367.5]],"c":false}]},{"i":{"x":0.833,"y":0.833},"o":{"x":0.167,"y":0.167},"t":76.076,"s":[{"i":[[41,-28],[1,-63],[0.5,-95]],"o":[[-23,20],[-1,63],[0,55]],"v":[[-25,76.5],[-75.5,171.5],[-28,380]],"c":false}]},{"i":{"x":0.833,"y":0.833},"o":{"x":0.167,"y":0.167},"t":78.078,"s":[{"i":[[41,-28],[1,-63],[0,-128.5]],"o":[[-20,7.5],[-1,63],[0,55]],"v":[[-25,76.5],[-77.5,161],[-28.5,391.5]],"c":false}]},{"i":{"x":0.833,"y":0.833},"o":{"x":0.167,"y":0.167},"t":80.08,"s":[{"i":[[41,-28],[0.5,-53.5],[-1,-156.5]],"o":[[-20,7.5],[4,73.5],[0,55]],"v":[[-25,76.5],[-76,153.5],[-30,413.5]],"c":false}]},{"i":{"x":0.833,"y":0.833},"o":{"x":0.167,"y":0.167},"t":82.082,"s":[{"i":[[41,-28],[1,-63],[0,-128.5]],"o":[[-20,7.5],[-1,63],[0,55]],"v":[[-25,76.5],[-77.5,161],[-31,389.5]],"c":false}]},{"i":{"x":0.833,"y":0.833},"o":{"x":0.167,"y":0.167},"t":84.084,"s":[{"i":[[41,-28],[1,-63],[0.5,-95]],"o":[[-23,20],[-1,63],[0,55]],"v":[[-25,76.5],[-75.5,171.5],[-32,376.5]],"c":false}]},{"i":{"x":0.833,"y":0.833},"o":{"x":0.167,"y":0.167},"t":86.086,"s":[{"i":[[41,-28],[4.213,-58.135],[0,-55]],"o":[[-23,20],[3,96],[0,55]],"v":[[-25,76.5],[-75,178.5],[-29,367.5]],"c":false}]},{"i":{"x":0.833,"y":0.833},"o":{"x":0.167,"y":0.167},"t":88.088,"s":[{"i":[[41,-28],[1,-63],[0.5,-95]],"o":[[-23,20],[-1,63],[0,55]],"v":[[-25,76.5],[-75.5,171.5],[-28,380]],"c":false}]},{"i":{"x":0.833,"y":0.833},"o":{"x":0.167,"y":0.167},"t":90.09,"s":[{"i":[[41,-28],[1,-63],[0,-128.5]],"o":[[-20,7.5],[-1,63],[0,55]],"v":[[-25,76.5],[-77.5,161],[-28.5,391.5]],"c":false}]},{"i":{"x":0.833,"y":0.833},"o":{"x":0.167,"y":0.167},"t":92.092,"s":[{"i":[[41,-28],[0.5,-53.5],[-1,-156.5]],"o":[[-20,7.5],[4,73.5],[0,55]],"v":[[-25,76.5],[-76,153.5],[-30,413.5]],"c":false}]},{"i":{"x":0.833,"y":0.833},"o":{"x":0.167,"y":0.167},"t":94.094,"s":[{"i":[[41,-28],[1,-63],[0,-128.5]],"o":[[-20,7.5],[-1,63],[0,55]],"v":[[-25,76.5],[-77.5,161],[-31,389.5]],"c":false}]},{"i":{"x":0.833,"y":0.833},"o":{"x":0.167,"y":0.167},"t":96.096,"s":[{"i":[[41,-28],[1,-63],[0.5,-95]],"o":[[-23,20],[-1,63],[0,55]],"v":[[-25,76.5],[-75.5,171.5],[-32,376.5]],"c":false}]},{"i":{"x":0.833,"y":0.833},"o":{"x":0.167,"y":0.167},"t":98.098,"s":[{"i":[[41,-28],[4.213,-58.135],[0,-55]],"o":[[-23,20],[3,96],[0,55]],"v":[[-25,76.5],[-75,178.5],[-29,367.5]],"c":false}]},{"i":{"x":0.833,"y":0.833},"o":{"x":0.167,"y":0.167},"t":100.1,"s":[{"i":[[41,-28],[1,-63],[0.5,-95]],"o":[[-23,20],[-1,63],[0,55]],"v":[[-25,76.5],[-75.5,171.5],[-28,380]],"c":false}]},{"i":{"x":0.833,"y":0.833},"o":{"x":0.167,"y":0.167},"t":102.102,"s":[{"i":[[41,-28],[1,-63],[0,-128.5]],"o":[[-20,7.5],[-1,63],[0,55]],"v":[[-25,76.5],[-77.5,161],[-28.5,391.5]],"c":false}]},{"i":{"x":0.833,"y":0.833},"o":{"x":0.167,"y":0.167},"t":104.104,"s":[{"i":[[41,-28],[0.5,-53.5],[-1,-156.5]],"o":[[-20,7.5],[4,73.5],[0,55]],"v":[[-25,76.5],[-76,153.5],[-30,413.5]],"c":false}]},{"i":{"x":0.833,"y":0.833},"o":{"x":0.167,"y":0.167},"t":106.105,"s":[{"i":[[41,-28],[1,-63],[0,-128.5]],"o":[[-20,7.5],[-1,63],[0,55]],"v":[[-25,76.5],[-77.5,161],[-31,389.5]],"c":false}]},{"i":{"x":0.833,"y":0.833},"o":{"x":0.167,"y":0.167},"t":108.107,"s":[{"i":[[41,-28],[1,-63],[0.5,-95]],"o":[[-23,20],[-1,63],[0,55]],"v":[[-25,76.5],[-75.5,171.5],[-32,376.5]],"c":false}]},{"i":{"x":0.833,"y":0.833},"o":{"x":0.167,"y":0.167},"t":110.109,"s":[{"i":[[41,-28],[4.213,-58.135],[0,-55]],"o":[[-23,20],[3,96],[0,55]],"v":[[-25,76.5],[-75,178.5],[-29,367.5]],"c":false}]},{"i":{"x":0.833,"y":0.833},"o":{"x":0.167,"y":0.167},"t":112.111,"s":[{"i":[[41,-28],[1,-63],[0.5,-95]],"o":[[-23,20],[-1,63],[0,55]],"v":[[-25,76.5],[-75.5,171.5],[-28,380]],"c":false}]},{"i":{"x":0.833,"y":0.833},"o":{"x":0.167,"y":0.167},"t":114.113,"s":[{"i":[[41,-28],[1,-63],[0,-128.5]],"o":[[-20,7.5],[-1,63],[0,55]],"v":[[-25,76.5],[-77.5,161],[-28.5,391.5]],"c":false}]},{"i":{"x":0.833,"y":0.833},"o":{"x":0.167,"y":0.167},"t":116.115,"s":[{"i":[[41,-28],[0.5,-53.5],[-1,-156.5]],"o":[[-20,7.5],[4,73.5],[0,55]],"v":[[-25,76.5],[-76,153.5],[-30,413.5]],"c":false}]},{"i":{"x":0.833,"y":0.833},"o":{"x":0.167,"y":0.167},"t":118.117,"s":[{"i":[[41,-28],[1,-63],[0,-128.5]],"o":[[-20,7.5],[-1,63],[0,55]],"v":[[-25,76.5],[-77.5,161],[-31,389.5]],"c":false}]},{"t":120.12109375,"s":[{"i":[[41,-28],[1,-63],[0.5,-95]],"o":[[-23,20],[-1,63],[0,55]],"v":[[-25,76.5],[-75.5,171.5],[-32,376.5]],"c":false}]}],"ix":2},"nm":"Path 1","mn":"ADBE Vector Shape - Group","hd":false},{"ty":"st","c":{"a":0,"k":[0,0,0,1],"ix":3},"o":{"a":0,"k":100,"ix":4},"w":{"a":0,"k":10,"ix":5},"lc":2,"lj":2,"bm":0,"nm":"Stroke 1","mn":"ADBE Vector Graphic - Stroke","hd":false},{"ty":"tr","p":{"a":0,"k":[0,0],"ix":2},"a":{"a":0,"k":[0,0],"ix":1},"s":{"a":0,"k":[100,100],"ix":3},"r":{"a":0,"k":0,"ix":6},"o":{"a":0,"k":100,"ix":7},"sk":{"a":0,"k":0,"ix":4},"sa":{"a":0,"k":0,"ix":5},"nm":"Transform"}],"nm":"Shape 1","np":3,"cix":2,"bm":0,"ix":1,"mn":"ADBE Vector Group","hd":false}],"ip":0,"op":120.12012012012,"st":0,"bm":0},{"ddd":0,"ind":15,"ty":4,"nm":"Soplo L","parent":26,"sr":1,"ks":{"o":{"a":0,"k":100,"ix":11},"r":{"a":0,"k":0,"ix":10},"p":{"a":0,"k":[60,210.5,0],"ix":2},"a":{"a":0,"k":[0,0,0],"ix":1},"s":{"a":0,"k":[100,100,100],"ix":6}},"ao":0,"shapes":[{"ty":"gr","it":[{"ind":0,"ty":"sh","ix":1,"ks":{"a":1,"k":[{"i":{"x":0.833,"y":0.833},"o":{"x":0.167,"y":0.167},"t":0,"s":[{"i":[[41,-28],[4.213,-58.135],[0,-55]],"o":[[-23,20],[3,96],[0,55]],"v":[[-25,76.5],[-75,178.5],[-29,367.5]],"c":false}]},{"i":{"x":0.833,"y":0.833},"o":{"x":0.167,"y":0.167},"t":2.002,"s":[{"i":[[41,-28],[1,-63],[0.5,-95]],"o":[[-23,20],[-1,63],[0,55]],"v":[[-25,76.5],[-75.5,171.5],[-28,380]],"c":false}]},{"i":{"x":0.833,"y":0.833},"o":{"x":0.167,"y":0.167},"t":4.004,"s":[{"i":[[41,-28],[1,-63],[0,-128.5]],"o":[[-20,7.5],[-1,63],[0,55]],"v":[[-25,76.5],[-77.5,161],[-28.5,391.5]],"c":false}]},{"i":{"x":0.833,"y":0.833},"o":{"x":0.167,"y":0.167},"t":6.006,"s":[{"i":[[41,-28],[0.5,-53.5],[-1,-156.5]],"o":[[-20,7.5],[4,73.5],[0,55]],"v":[[-25,76.5],[-76,153.5],[-30,413.5]],"c":false}]},{"i":{"x":0.833,"y":0.833},"o":{"x":0.167,"y":0.167},"t":8.008,"s":[{"i":[[41,-28],[1,-63],[0,-128.5]],"o":[[-20,7.5],[-1,63],[0,55]],"v":[[-25,76.5],[-77.5,161],[-31,389.5]],"c":false}]},{"i":{"x":0.833,"y":0.833},"o":{"x":0.167,"y":0.167},"t":10.01,"s":[{"i":[[41,-28],[1,-63],[0.5,-95]],"o":[[-23,20],[-1,63],[0,55]],"v":[[-25,76.5],[-75.5,171.5],[-32,376.5]],"c":false}]},{"i":{"x":0.833,"y":0.833},"o":{"x":0.167,"y":0.167},"t":12.012,"s":[{"i":[[41,-28],[4.213,-58.135],[0,-55]],"o":[[-23,20],[3,96],[0,55]],"v":[[-25,76.5],[-75,178.5],[-29,367.5]],"c":false}]},{"i":{"x":0.833,"y":0.833},"o":{"x":0.167,"y":0.167},"t":14.014,"s":[{"i":[[41,-28],[4.213,-58.135],[0,-55]],"o":[[-23,20],[3,96],[0,55]],"v":[[-25,76.5],[-75,178.5],[-29,367.5]],"c":false}]},{"i":{"x":0.833,"y":0.833},"o":{"x":0.167,"y":0.167},"t":16.016,"s":[{"i":[[41,-28],[1,-63],[0.5,-95]],"o":[[-23,20],[-1,63],[0,55]],"v":[[-25,76.5],[-75.5,171.5],[-28,380]],"c":false}]},{"i":{"x":0.833,"y":0.833},"o":{"x":0.167,"y":0.167},"t":18.018,"s":[{"i":[[41,-28],[1,-63],[0,-128.5]],"o":[[-20,7.5],[-1,63],[0,55]],"v":[[-25,76.5],[-77.5,161],[-28.5,391.5]],"c":false}]},{"i":{"x":0.833,"y":0.833},"o":{"x":0.167,"y":0.167},"t":20.02,"s":[{"i":[[41,-28],[0.5,-53.5],[-1,-156.5]],"o":[[-20,7.5],[4,73.5],[0,55]],"v":[[-25,76.5],[-76,153.5],[-30,413.5]],"c":false}]},{"i":{"x":0.833,"y":0.833},"o":{"x":0.167,"y":0.167},"t":22.021,"s":[{"i":[[41,-28],[1,-63],[0,-128.5]],"o":[[-20,7.5],[-1,63],[0,55]],"v":[[-25,76.5],[-77.5,161],[-31,389.5]],"c":false}]},{"i":{"x":0.833,"y":0.833},"o":{"x":0.167,"y":0.167},"t":24.023,"s":[{"i":[[41,-28],[1,-63],[0.5,-95]],"o":[[-23,20],[-1,63],[0,55]],"v":[[-25,76.5],[-75.5,171.5],[-32,376.5]],"c":false}]},{"i":{"x":0.833,"y":0.833},"o":{"x":0.167,"y":0.167},"t":26.025,"s":[{"i":[[41,-28],[4.213,-58.135],[0,-55]],"o":[[-23,20],[3,96],[0,55]],"v":[[-25,76.5],[-75,178.5],[-29,367.5]],"c":false}]},{"i":{"x":0.833,"y":0.833},"o":{"x":0.167,"y":0.167},"t":28.027,"s":[{"i":[[41,-28],[1,-63],[0.5,-95]],"o":[[-23,20],[-1,63],[0,55]],"v":[[-25,76.5],[-75.5,171.5],[-28,380]],"c":false}]},{"i":{"x":0.833,"y":0.833},"o":{"x":0.167,"y":0.167},"t":30.029,"s":[{"i":[[41,-28],[1,-63],[0,-128.5]],"o":[[-20,7.5],[-1,63],[0,55]],"v":[[-25,76.5],[-77.5,161],[-28.5,391.5]],"c":false}]},{"i":{"x":0.833,"y":0.833},"o":{"x":0.167,"y":0.167},"t":32.031,"s":[{"i":[[41,-28],[0.5,-53.5],[-1,-156.5]],"o":[[-20,7.5],[4,73.5],[0,55]],"v":[[-25,76.5],[-76,153.5],[-30,413.5]],"c":false}]},{"i":{"x":0.833,"y":0.833},"o":{"x":0.167,"y":0.167},"t":34.033,"s":[{"i":[[41,-28],[1,-63],[0,-128.5]],"o":[[-20,7.5],[-1,63],[0,55]],"v":[[-25,76.5],[-77.5,161],[-31,389.5]],"c":false}]},{"i":{"x":0.833,"y":0.833},"o":{"x":0.167,"y":0.167},"t":36.035,"s":[{"i":[[41,-28],[1,-63],[0.5,-95]],"o":[[-23,20],[-1,63],[0,55]],"v":[[-25,76.5],[-75.5,171.5],[-32,376.5]],"c":false}]},{"i":{"x":0.833,"y":0.833},"o":{"x":0.167,"y":0.167},"t":38.037,"s":[{"i":[[41,-28],[4.213,-58.135],[0,-55]],"o":[[-23,20],[3,96],[0,55]],"v":[[-25,76.5],[-75,178.5],[-29,367.5]],"c":false}]},{"i":{"x":0.833,"y":0.833},"o":{"x":0.167,"y":0.167},"t":40.041,"s":[{"i":[[41,-28],[1,-63],[0.5,-95]],"o":[[-23,20],[-1,63],[0,55]],"v":[[-25,76.5],[-75.5,171.5],[-28,380]],"c":false}]},{"i":{"x":0.833,"y":0.833},"o":{"x":0.167,"y":0.167},"t":42.043,"s":[{"i":[[41,-28],[1,-63],[0,-128.5]],"o":[[-20,7.5],[-1,63],[0,55]],"v":[[-25,76.5],[-77.5,161],[-28.5,391.5]],"c":false}]},{"i":{"x":0.833,"y":0.833},"o":{"x":0.167,"y":0.167},"t":44.045,"s":[{"i":[[41,-28],[0.5,-53.5],[-1,-156.5]],"o":[[-20,7.5],[4,73.5],[0,55]],"v":[[-25,76.5],[-76,153.5],[-30,413.5]],"c":false}]},{"i":{"x":0.833,"y":0.833},"o":{"x":0.167,"y":0.167},"t":46.047,"s":[{"i":[[41,-28],[1,-63],[0,-128.5]],"o":[[-20,7.5],[-1,63],[0,55]],"v":[[-25,76.5],[-77.5,161],[-31,389.5]],"c":false}]},{"i":{"x":0.833,"y":0.833},"o":{"x":0.167,"y":0.167},"t":48.049,"s":[{"i":[[41,-28],[1,-63],[0.5,-95]],"o":[[-23,20],[-1,63],[0,55]],"v":[[-25,76.5],[-75.5,171.5],[-32,376.5]],"c":false}]},{"i":{"x":0.833,"y":0.833},"o":{"x":0.167,"y":0.167},"t":50.051,"s":[{"i":[[41,-28],[4.213,-58.135],[0,-55]],"o":[[-23,20],[3,96],[0,55]],"v":[[-25,76.5],[-75,178.5],[-29,367.5]],"c":false}]},{"i":{"x":0.833,"y":0.833},"o":{"x":0.167,"y":0.167},"t":52.053,"s":[{"i":[[41,-28],[1,-63],[0.5,-95]],"o":[[-23,20],[-1,63],[0,55]],"v":[[-25,76.5],[-75.5,171.5],[-28,380]],"c":false}]},{"i":{"x":0.833,"y":0.833},"o":{"x":0.167,"y":0.167},"t":54.055,"s":[{"i":[[41,-28],[1,-63],[0,-128.5]],"o":[[-20,7.5],[-1,63],[0,55]],"v":[[-25,76.5],[-77.5,161],[-28.5,391.5]],"c":false}]},{"i":{"x":0.833,"y":0.833},"o":{"x":0.167,"y":0.167},"t":56.057,"s":[{"i":[[41,-28],[0.5,-53.5],[-1,-156.5]],"o":[[-20,7.5],[4,73.5],[0,55]],"v":[[-25,76.5],[-76,153.5],[-30,413.5]],"c":false}]},{"i":{"x":0.833,"y":0.833},"o":{"x":0.167,"y":0.167},"t":58.059,"s":[{"i":[[41,-28],[1,-63],[0,-128.5]],"o":[[-20,7.5],[-1,63],[0,55]],"v":[[-25,76.5],[-77.5,161],[-31,389.5]],"c":false}]},{"i":{"x":0.833,"y":0.833},"o":{"x":0.167,"y":0.167},"t":60.061,"s":[{"i":[[41,-28],[1,-63],[0.5,-95]],"o":[[-23,20],[-1,63],[0,55]],"v":[[-25,76.5],[-75.5,171.5],[-32,376.5]],"c":false}]},{"i":{"x":0.833,"y":0.833},"o":{"x":0.167,"y":0.167},"t":62.062,"s":[{"i":[[41,-28],[4.213,-58.135],[0,-55]],"o":[[-23,20],[3,96],[0,55]],"v":[[-25,76.5],[-75,178.5],[-29,367.5]],"c":false}]},{"i":{"x":0.833,"y":0.833},"o":{"x":0.167,"y":0.167},"t":64.064,"s":[{"i":[[41,-28],[1,-63],[0.5,-95]],"o":[[-23,20],[-1,63],[0,55]],"v":[[-25,76.5],[-75.5,171.5],[-28,380]],"c":false}]},{"i":{"x":0.833,"y":0.833},"o":{"x":0.167,"y":0.167},"t":66.066,"s":[{"i":[[41,-28],[1,-63],[0,-128.5]],"o":[[-20,7.5],[-1,63],[0,55]],"v":[[-25,76.5],[-77.5,161],[-28.5,391.5]],"c":false}]},{"i":{"x":0.833,"y":0.833},"o":{"x":0.167,"y":0.167},"t":68.068,"s":[{"i":[[41,-28],[0.5,-53.5],[-1,-156.5]],"o":[[-20,7.5],[4,73.5],[0,55]],"v":[[-25,76.5],[-76,153.5],[-30,413.5]],"c":false}]},{"i":{"x":0.833,"y":0.833},"o":{"x":0.167,"y":0.167},"t":70.07,"s":[{"i":[[41,-28],[1,-63],[0,-128.5]],"o":[[-20,7.5],[-1,63],[0,55]],"v":[[-25,76.5],[-77.5,161],[-31,389.5]],"c":false}]},{"i":{"x":0.833,"y":0.833},"o":{"x":0.167,"y":0.167},"t":72.072,"s":[{"i":[[41,-28],[1,-63],[0.5,-95]],"o":[[-23,20],[-1,63],[0,55]],"v":[[-25,76.5],[-75.5,171.5],[-32,376.5]],"c":false}]},{"i":{"x":0.833,"y":0.833},"o":{"x":0.167,"y":0.167},"t":74.074,"s":[{"i":[[41,-28],[4.213,-58.135],[0,-55]],"o":[[-23,20],[3,96],[0,55]],"v":[[-25,76.5],[-75,178.5],[-29,367.5]],"c":false}]},{"i":{"x":0.833,"y":0.833},"o":{"x":0.167,"y":0.167},"t":76.076,"s":[{"i":[[41,-28],[1,-63],[0.5,-95]],"o":[[-23,20],[-1,63],[0,55]],"v":[[-25,76.5],[-75.5,171.5],[-28,380]],"c":false}]},{"i":{"x":0.833,"y":0.833},"o":{"x":0.167,"y":0.167},"t":78.078,"s":[{"i":[[41,-28],[1,-63],[0,-128.5]],"o":[[-20,7.5],[-1,63],[0,55]],"v":[[-25,76.5],[-77.5,161],[-28.5,391.5]],"c":false}]},{"i":{"x":0.833,"y":0.833},"o":{"x":0.167,"y":0.167},"t":80.08,"s":[{"i":[[41,-28],[0.5,-53.5],[-1,-156.5]],"o":[[-20,7.5],[4,73.5],[0,55]],"v":[[-25,76.5],[-76,153.5],[-30,413.5]],"c":false}]},{"i":{"x":0.833,"y":0.833},"o":{"x":0.167,"y":0.167},"t":82.082,"s":[{"i":[[41,-28],[1,-63],[0,-128.5]],"o":[[-20,7.5],[-1,63],[0,55]],"v":[[-25,76.5],[-77.5,161],[-31,389.5]],"c":false}]},{"i":{"x":0.833,"y":0.833},"o":{"x":0.167,"y":0.167},"t":84.084,"s":[{"i":[[41,-28],[1,-63],[0.5,-95]],"o":[[-23,20],[-1,63],[0,55]],"v":[[-25,76.5],[-75.5,171.5],[-32,376.5]],"c":false}]},{"i":{"x":0.833,"y":0.833},"o":{"x":0.167,"y":0.167},"t":86.086,"s":[{"i":[[41,-28],[4.213,-58.135],[0,-55]],"o":[[-23,20],[3,96],[0,55]],"v":[[-25,76.5],[-75,178.5],[-29,367.5]],"c":false}]},{"i":{"x":0.833,"y":0.833},"o":{"x":0.167,"y":0.167},"t":88.088,"s":[{"i":[[41,-28],[1,-63],[0.5,-95]],"o":[[-23,20],[-1,63],[0,55]],"v":[[-25,76.5],[-75.5,171.5],[-28,380]],"c":false}]},{"i":{"x":0.833,"y":0.833},"o":{"x":0.167,"y":0.167},"t":90.09,"s":[{"i":[[41,-28],[1,-63],[0,-128.5]],"o":[[-20,7.5],[-1,63],[0,55]],"v":[[-25,76.5],[-77.5,161],[-28.5,391.5]],"c":false}]},{"i":{"x":0.833,"y":0.833},"o":{"x":0.167,"y":0.167},"t":92.092,"s":[{"i":[[41,-28],[0.5,-53.5],[-1,-156.5]],"o":[[-20,7.5],[4,73.5],[0,55]],"v":[[-25,76.5],[-76,153.5],[-30,413.5]],"c":false}]},{"i":{"x":0.833,"y":0.833},"o":{"x":0.167,"y":0.167},"t":94.094,"s":[{"i":[[41,-28],[1,-63],[0,-128.5]],"o":[[-20,7.5],[-1,63],[0,55]],"v":[[-25,76.5],[-77.5,161],[-31,389.5]],"c":false}]},{"i":{"x":0.833,"y":0.833},"o":{"x":0.167,"y":0.167},"t":96.096,"s":[{"i":[[41,-28],[1,-63],[0.5,-95]],"o":[[-23,20],[-1,63],[0,55]],"v":[[-25,76.5],[-75.5,171.5],[-32,376.5]],"c":false}]},{"i":{"x":0.833,"y":0.833},"o":{"x":0.167,"y":0.167},"t":98.098,"s":[{"i":[[41,-28],[4.213,-58.135],[0,-55]],"o":[[-23,20],[3,96],[0,55]],"v":[[-25,76.5],[-75,178.5],[-29,367.5]],"c":false}]},{"i":{"x":0.833,"y":0.833},"o":{"x":0.167,"y":0.167},"t":100.1,"s":[{"i":[[41,-28],[1,-63],[0.5,-95]],"o":[[-23,20],[-1,63],[0,55]],"v":[[-25,76.5],[-75.5,171.5],[-28,380]],"c":false}]},{"i":{"x":0.833,"y":0.833},"o":{"x":0.167,"y":0.167},"t":102.102,"s":[{"i":[[41,-28],[1,-63],[0,-128.5]],"o":[[-20,7.5],[-1,63],[0,55]],"v":[[-25,76.5],[-77.5,161],[-28.5,391.5]],"c":false}]},{"i":{"x":0.833,"y":0.833},"o":{"x":0.167,"y":0.167},"t":104.104,"s":[{"i":[[41,-28],[0.5,-53.5],[-1,-156.5]],"o":[[-20,7.5],[4,73.5],[0,55]],"v":[[-25,76.5],[-76,153.5],[-30,413.5]],"c":false}]},{"i":{"x":0.833,"y":0.833},"o":{"x":0.167,"y":0.167},"t":106.105,"s":[{"i":[[41,-28],[1,-63],[0,-128.5]],"o":[[-20,7.5],[-1,63],[0,55]],"v":[[-25,76.5],[-77.5,161],[-31,389.5]],"c":false}]},{"i":{"x":0.833,"y":0.833},"o":{"x":0.167,"y":0.167},"t":108.107,"s":[{"i":[[41,-28],[1,-63],[0.5,-95]],"o":[[-23,20],[-1,63],[0,55]],"v":[[-25,76.5],[-75.5,171.5],[-32,376.5]],"c":false}]},{"i":{"x":0.833,"y":0.833},"o":{"x":0.167,"y":0.167},"t":110.109,"s":[{"i":[[41,-28],[4.213,-58.135],[0,-55]],"o":[[-23,20],[3,96],[0,55]],"v":[[-25,76.5],[-75,178.5],[-29,367.5]],"c":false}]},{"i":{"x":0.833,"y":0.833},"o":{"x":0.167,"y":0.167},"t":112.111,"s":[{"i":[[41,-28],[1,-63],[0.5,-95]],"o":[[-23,20],[-1,63],[0,55]],"v":[[-25,76.5],[-75.5,171.5],[-28,380]],"c":false}]},{"i":{"x":0.833,"y":0.833},"o":{"x":0.167,"y":0.167},"t":114.113,"s":[{"i":[[41,-28],[1,-63],[0,-128.5]],"o":[[-20,7.5],[-1,63],[0,55]],"v":[[-25,76.5],[-77.5,161],[-28.5,391.5]],"c":false}]},{"i":{"x":0.833,"y":0.833},"o":{"x":0.167,"y":0.167},"t":116.115,"s":[{"i":[[41,-28],[0.5,-53.5],[-1,-156.5]],"o":[[-20,7.5],[4,73.5],[0,55]],"v":[[-25,76.5],[-76,153.5],[-30,413.5]],"c":false}]},{"i":{"x":0.833,"y":0.833},"o":{"x":0.167,"y":0.167},"t":118.117,"s":[{"i":[[41,-28],[1,-63],[0,-128.5]],"o":[[-20,7.5],[-1,63],[0,55]],"v":[[-25,76.5],[-77.5,161],[-31,389.5]],"c":false}]},{"t":120.12109375,"s":[{"i":[[41,-28],[1,-63],[0.5,-95]],"o":[[-23,20],[-1,63],[0,55]],"v":[[-25,76.5],[-75.5,171.5],[-32,376.5]],"c":false}]}],"ix":2},"nm":"Path 1","mn":"ADBE Vector Shape - Group","hd":false},{"ty":"st","c":{"a":0,"k":[0,0,0,1],"ix":3},"o":{"a":0,"k":100,"ix":4},"w":{"a":0,"k":10,"ix":5},"lc":2,"lj":2,"bm":0,"nm":"Stroke 1","mn":"ADBE Vector Graphic - Stroke","hd":false},{"ty":"tr","p":{"a":0,"k":[0,0],"ix":2},"a":{"a":0,"k":[0,0],"ix":1},"s":{"a":0,"k":[100,100],"ix":3},"r":{"a":0,"k":0,"ix":6},"o":{"a":0,"k":100,"ix":7},"sk":{"a":0,"k":0,"ix":4},"sa":{"a":0,"k":0,"ix":5},"nm":"Transform"}],"nm":"Shape 1","np":3,"cix":2,"bm":0,"ix":1,"mn":"ADBE Vector Group","hd":false}],"ip":0,"op":120.12012012012,"st":0,"bm":0},{"ddd":0,"ind":16,"ty":4,"nm":"Line Effect 9","parent":26,"sr":1,"ks":{"o":{"a":0,"k":100,"ix":11},"r":{"a":0,"k":0,"ix":10},"p":{"a":0,"k":[50,50.5,0],"ix":2},"a":{"a":0,"k":[0,0,0],"ix":1},"s":{"a":0,"k":[100,100,100],"ix":6}},"ao":0,"shapes":[{"ty":"gr","it":[{"ind":0,"ty":"sh","ix":1,"ks":{"a":1,"k":[{"i":{"x":0.833,"y":0.833},"o":{"x":0.167,"y":0.167},"t":104.104,"s":[{"i":[[0,0],[16.531,-14.49],[6.5,-43],[-4.689,-54.092],[-3.817,-19.083],[-5.602,-23.476],[0,-46.136]],"o":[[0,0],[-112.5,100.5],[-4.433,29.324],[2.187,25.227],[1.107,11.797],[13.7,57.415],[0,42]],"v":[[0,-387],[-12.5,-346],[-137,-79],[-136.061,64.201],[-127,132.5],[-115.953,187.378],[-81,371.5]],"c":false}]},{"i":{"x":0.833,"y":0.833},"o":{"x":0.167,"y":0.167},"t":106.105,"s":[{"i":[[0,0],[16.531,-14.49],[6.5,-43],[-4.689,-54.092],[-3.817,-19.083],[-5.602,-23.476],[0,-46.136]],"o":[[0,0],[-112.5,100.5],[-4.433,29.324],[2.187,25.227],[1.107,11.797],[13.7,57.415],[0,42]],"v":[[0,-387],[-12.5,-346],[-137,-79],[-136.061,64.201],[-127,132.5],[-115.953,187.378],[-81,371.5]],"c":false}]},{"i":{"x":0.833,"y":0.833},"o":{"x":0.167,"y":0.167},"t":108.107,"s":[{"i":[[0,0],[0,0],[0,0],[6.211,-47.329],[11,-34],[0,0],[0,0]],"o":[[0,0],[0,0],[0,0],[-2.34,17.829],[-14,32],[0,0],[0,0]],"v":[[0,-387],[-12.5,-346],[-137,-79],[-146.061,38.201],[-167,120.5],[-162.953,220.378],[-164,381.5]],"c":false}]},{"i":{"x":0.833,"y":0.833},"o":{"x":0.167,"y":0.167},"t":110.109,"s":[{"i":[[0,0],[0,0],[0,0],[6.211,-47.329],[7,-39],[-2.225,-34.416],[0,0]],"o":[[0,0],[0,0],[0,0],[-5.939,24.299],[-6,45],[3.464,53.597],[0,0]],"v":[[0,-387],[-12.5,-346],[-137,-79],[-161.061,34.201],[-181,118.5],[-162.953,220.378],[-164,381.5]],"c":false}]},{"t":112.111328125,"s":[{"i":[[0,0],[0,0],[0,0],[6.211,-47.329],[7,-39],[-2.225,-34.416],[0,0]],"o":[[0,0],[0,0],[0,0],[-5.939,24.299],[-6,45],[3.464,53.597],[0,0]],"v":[[0,-387],[-12.5,-346],[-137,-79],[-161.061,34.201],[-197,122.5],[-162.953,220.378],[-164,381.5]],"c":false}]}],"ix":2},"nm":"Path 1","mn":"ADBE Vector Shape - Group","hd":false},{"ty":"tm","s":{"a":1,"k":[{"i":{"x":[0.833],"y":[0.833]},"o":{"x":[0.167],"y":[0.167]},"t":100.1,"s":[0]},{"t":118.1171875,"s":[100]}],"ix":1},"e":{"a":1,"k":[{"i":{"x":[0.833],"y":[0.833]},"o":{"x":[0.167],"y":[0.167]},"t":100.1,"s":[0]},{"i":{"x":[0.833],"y":[0.833]},"o":{"x":[0.167],"y":[0.167]},"t":110.109,"s":[91.667]},{"t":118.1171875,"s":[100]}],"ix":2},"o":{"a":0,"k":0,"ix":3},"m":1,"ix":2,"nm":"Trim Paths 1","mn":"ADBE Vector Filter - Trim","hd":false},{"ty":"st","c":{"a":0,"k":[0,0,0,1],"ix":3},"o":{"a":0,"k":100,"ix":4},"w":{"a":0,"k":10,"ix":5},"lc":2,"lj":1,"ml":4,"bm":0,"nm":"Stroke 1","mn":"ADBE Vector Graphic - Stroke","hd":false},{"ty":"tr","p":{"a":0,"k":[0,0],"ix":2},"a":{"a":0,"k":[0,0],"ix":1},"s":{"a":0,"k":[100,100],"ix":3},"r":{"a":0,"k":0,"ix":6},"o":{"a":0,"k":100,"ix":7},"sk":{"a":0,"k":0,"ix":4},"sa":{"a":0,"k":0,"ix":5},"nm":"Transform"}],"nm":"Shape 1","np":4,"cix":2,"bm":0,"ix":1,"mn":"ADBE Vector Group","hd":false}],"ip":100.1001001001,"op":120.12012012012,"st":0,"bm":0},{"ddd":0,"ind":17,"ty":4,"nm":"Line Effect 8","parent":26,"sr":1,"ks":{"o":{"a":0,"k":100,"ix":11},"r":{"a":0,"k":0,"ix":10},"p":{"a":0,"k":[50,50.5,0],"ix":2},"a":{"a":0,"k":[0,0,0],"ix":1},"s":{"a":0,"k":[-100,100,100],"ix":6}},"ao":0,"shapes":[{"ty":"gr","it":[{"ind":0,"ty":"sh","ix":1,"ks":{"a":1,"k":[{"i":{"x":0.833,"y":0.833},"o":{"x":0.167,"y":0.167},"t":102.102,"s":[{"i":[[0,0],[16.531,-14.49],[6.5,-43],[-12,-60],[-5.602,-23.476],[0,-46.136]],"o":[[0,0],[-112.5,100.5],[-6.5,43],[1.107,11.797],[13.7,57.415],[0,42]],"v":[[0,-387],[-12.5,-346],[-137,-79],[-127,132.5],[-115.953,187.378],[-81,371.5]],"c":false}]},{"i":{"x":0.833,"y":0.833},"o":{"x":0.167,"y":0.167},"t":104.104,"s":[{"i":[[0,0],[16.531,-14.49],[6.5,-43],[2,-30],[-7.63,-21.954],[10.647,-61.041]],"o":[[0,0],[-112.5,100.5],[-6.5,43],[-1.451,15.672],[18.662,53.693],[0,42]],"v":[[0,-387],[-12.5,-346],[-137,-79],[-134,131.5],[-122.702,188.671],[-81,371.5]],"c":false}]},{"t":106.10546875,"s":[{"i":[[0,0],[16.531,-14.49],[6.5,-43],[2,-30],[-10.017,-27.095],[9.828,-56.349]],"o":[[0,0],[-112.5,100.5],[-6.5,43],[-1.724,18.618],[19.036,51.492],[0,42]],"v":[[0,-387],[-12.5,-346],[-137,-79],[-155,137.5],[-118.159,201.298],[-81,371.5]],"c":false}]}],"ix":2},"nm":"Path 1","mn":"ADBE Vector Shape - Group","hd":false},{"ty":"tm","s":{"a":1,"k":[{"i":{"x":[0.833],"y":[0.833]},"o":{"x":[0.167],"y":[0.167]},"t":92.092,"s":[0]},{"t":114.11328125,"s":[100]}],"ix":1},"e":{"a":1,"k":[{"i":{"x":[0.833],"y":[0.833]},"o":{"x":[0.167],"y":[0.167]},"t":92.092,"s":[0]},{"i":{"x":[0.833],"y":[0.833]},"o":{"x":[0.167],"y":[0.167]},"t":106.105,"s":[91.667]},{"t":114.11328125,"s":[100]}],"ix":2},"o":{"a":0,"k":0,"ix":3},"m":1,"ix":2,"nm":"Trim Paths 1","mn":"ADBE Vector Filter - Trim","hd":false},{"ty":"st","c":{"a":0,"k":[0,0,0,1],"ix":3},"o":{"a":0,"k":100,"ix":4},"w":{"a":0,"k":10,"ix":5},"lc":2,"lj":1,"ml":4,"bm":0,"nm":"Stroke 1","mn":"ADBE Vector Graphic - Stroke","hd":false},{"ty":"tr","p":{"a":0,"k":[0,0],"ix":2},"a":{"a":0,"k":[0,0],"ix":1},"s":{"a":0,"k":[100,100],"ix":3},"r":{"a":0,"k":0,"ix":6},"o":{"a":0,"k":100,"ix":7},"sk":{"a":0,"k":0,"ix":4},"sa":{"a":0,"k":0,"ix":5},"nm":"Transform"}],"nm":"Shape 1","np":4,"cix":2,"bm":0,"ix":1,"mn":"ADBE Vector Group","hd":false}],"ip":92.0920920920921,"op":116.116116116116,"st":0,"bm":0},{"ddd":0,"ind":18,"ty":4,"nm":"Line Effect 7","parent":26,"sr":1,"ks":{"o":{"a":0,"k":100,"ix":11},"r":{"a":0,"k":0,"ix":10},"p":{"a":0,"k":[50,50.5,0],"ix":2},"a":{"a":0,"k":[0,0,0],"ix":1},"s":{"a":0,"k":[100,100,100],"ix":6}},"ao":0,"shapes":[{"ty":"gr","it":[{"ind":0,"ty":"sh","ix":1,"ks":{"a":0,"k":{"i":[[0,0],[16.531,-14.49],[6.5,-43],[-12,-60],[0,-65]],"o":[[0,0],[-112.5,100.5],[-6.5,43],[3.813,40.649],[0,42]],"v":[[0,-387],[-12.5,-346],[-137,-79],[-127,132.5],[-81,371.5]],"c":false},"ix":2},"nm":"Path 1","mn":"ADBE Vector Shape - Group","hd":false},{"ty":"tm","s":{"a":1,"k":[{"i":{"x":[0.833],"y":[0.833]},"o":{"x":[0.167],"y":[0.167]},"t":82.082,"s":[0]},{"t":104.103515625,"s":[100]}],"ix":1},"e":{"a":1,"k":[{"i":{"x":[0.833],"y":[0.833]},"o":{"x":[0.167],"y":[0.167]},"t":74.074,"s":[0]},{"i":{"x":[0.833],"y":[0.833]},"o":{"x":[0.167],"y":[0.167]},"t":96.096,"s":[91.667]},{"t":104.103515625,"s":[100]}],"ix":2},"o":{"a":0,"k":0,"ix":3},"m":1,"ix":2,"nm":"Trim Paths 1","mn":"ADBE Vector Filter - Trim","hd":false},{"ty":"st","c":{"a":0,"k":[0,0,0,1],"ix":3},"o":{"a":0,"k":100,"ix":4},"w":{"a":0,"k":10,"ix":5},"lc":2,"lj":1,"ml":4,"bm":0,"nm":"Stroke 1","mn":"ADBE Vector Graphic - Stroke","hd":false},{"ty":"tr","p":{"a":0,"k":[0,0],"ix":2},"a":{"a":0,"k":[0,0],"ix":1},"s":{"a":0,"k":[100,100],"ix":3},"r":{"a":0,"k":0,"ix":6},"o":{"a":0,"k":100,"ix":7},"sk":{"a":0,"k":0,"ix":4},"sa":{"a":0,"k":0,"ix":5},"nm":"Transform"}],"nm":"Shape 1","np":4,"cix":2,"bm":0,"ix":1,"mn":"ADBE Vector Group","hd":false}],"ip":74.0740740740741,"op":106.106106106106,"st":0,"bm":0},{"ddd":0,"ind":19,"ty":4,"nm":"Line Effect 6","parent":26,"sr":1,"ks":{"o":{"a":0,"k":100,"ix":11},"r":{"a":0,"k":0,"ix":10},"p":{"a":0,"k":[50,50.5,0],"ix":2},"a":{"a":0,"k":[0,0,0],"ix":1},"s":{"a":0,"k":[-100,100,100],"ix":6}},"ao":0,"shapes":[{"ty":"gr","it":[{"ind":0,"ty":"sh","ix":1,"ks":{"a":0,"k":{"i":[[0,0],[16.531,-14.49],[6.5,-43],[-12,-60],[0,-65]],"o":[[0,0],[-112.5,100.5],[-6.5,43],[3.813,40.649],[0,42]],"v":[[0,-387],[-12.5,-346],[-137,-79],[-127,132.5],[-81,371.5]],"c":false},"ix":2},"nm":"Path 1","mn":"ADBE Vector Shape - Group","hd":false},{"ty":"tm","s":{"a":1,"k":[{"i":{"x":[0.833],"y":[0.833]},"o":{"x":[0.167],"y":[0.167]},"t":68.068,"s":[0]},{"t":96.095703125,"s":[100]}],"ix":1},"e":{"a":1,"k":[{"i":{"x":[0.833],"y":[0.833]},"o":{"x":[0.167],"y":[0.167]},"t":68.068,"s":[0]},{"i":{"x":[0.833],"y":[0.833]},"o":{"x":[0.167],"y":[0.167]},"t":88.088,"s":[91.667]},{"t":96.095703125,"s":[100]}],"ix":2},"o":{"a":0,"k":0,"ix":3},"m":1,"ix":2,"nm":"Trim Paths 1","mn":"ADBE Vector Filter - Trim","hd":false},{"ty":"st","c":{"a":0,"k":[0,0,0,1],"ix":3},"o":{"a":0,"k":100,"ix":4},"w":{"a":0,"k":10,"ix":5},"lc":2,"lj":1,"ml":4,"bm":0,"nm":"Stroke 1","mn":"ADBE Vector Graphic - Stroke","hd":false},{"ty":"tr","p":{"a":0,"k":[0,0],"ix":2},"a":{"a":0,"k":[0,0],"ix":1},"s":{"a":0,"k":[100,100],"ix":3},"r":{"a":0,"k":0,"ix":6},"o":{"a":0,"k":100,"ix":7},"sk":{"a":0,"k":0,"ix":4},"sa":{"a":0,"k":0,"ix":5},"nm":"Transform"}],"nm":"Shape 1","np":4,"cix":2,"bm":0,"ix":1,"mn":"ADBE Vector Group","hd":false}],"ip":68.0680680680681,"op":98.0980980980981,"st":0,"bm":0},{"ddd":0,"ind":20,"ty":4,"nm":"Line Effect 5","parent":26,"sr":1,"ks":{"o":{"a":0,"k":100,"ix":11},"r":{"a":0,"k":0,"ix":10},"p":{"a":0,"k":[50,50.5,0],"ix":2},"a":{"a":0,"k":[0,0,0],"ix":1},"s":{"a":0,"k":[100,100,100],"ix":6}},"ao":0,"shapes":[{"ty":"gr","it":[{"ind":0,"ty":"sh","ix":1,"ks":{"a":1,"k":[{"i":{"x":0.833,"y":0.833},"o":{"x":0.167,"y":0.167},"t":66.066,"s":[{"i":[[0,0],[16.531,-14.49],[25.5,-50.5],[5,-51],[0,-65]],"o":[[0,0],[-112.5,100.5],[-25.5,50.5],[-5,51],[0,42]],"v":[[0,-387],[-12.5,-346],[-149.5,-59.5],[-196,74.501],[-198,371.5]],"c":false}]},{"i":{"x":0.833,"y":0.833},"o":{"x":0.167,"y":0.167},"t":68.068,"s":[{"i":[[0,0],[16.531,-14.49],[0,0],[24,-96.001],[0,-65]],"o":[[0,0],[-112.5,100.5],[0,0],[-5,50.999],[0,42]],"v":[[0,-387],[-12.5,-346],[-141.5,-60.5],[-162,82.501],[-198,371.5]],"c":false}]},{"i":{"x":0.833,"y":0.833},"o":{"x":0.167,"y":0.167},"t":70.07,"s":[{"i":[[0,0],[16.531,-14.49],[0,0],[24,-96.001],[0,-65]],"o":[[0,0],[-112.5,100.5],[0,0],[-5,50.999],[0,42]],"v":[[0,-387],[-12.5,-346],[-141.5,-60.5],[-162,82.501],[-221,368.5]],"c":false}]},{"t":72.072265625,"s":[{"i":[[0,0],[16.531,-14.49],[0,0],[24,-96.001],[0,-65]],"o":[[0,0],[-112.5,100.5],[0,0],[-35,95.999],[0,42]],"v":[[0,-387],[-12.5,-346],[-141.5,-60.5],[-162,82.501],[-182,383.5]],"c":false}]}],"ix":2},"nm":"Path 1","mn":"ADBE Vector Shape - Group","hd":false},{"ty":"tm","s":{"a":1,"k":[{"i":{"x":[0.833],"y":[0.833]},"o":{"x":[0.167],"y":[0.167]},"t":64.064,"s":[0]},{"t":80.080078125,"s":[100]}],"ix":1},"e":{"a":1,"k":[{"i":{"x":[0.833],"y":[0.833]},"o":{"x":[0.167],"y":[0.167]},"t":64.064,"s":[0]},{"i":{"x":[0.833],"y":[0.833]},"o":{"x":[0.167],"y":[0.167]},"t":72.072,"s":[91.667]},{"t":80.080078125,"s":[100]}],"ix":2},"o":{"a":0,"k":0,"ix":3},"m":1,"ix":2,"nm":"Trim Paths 1","mn":"ADBE Vector Filter - Trim","hd":false},{"ty":"st","c":{"a":0,"k":[0,0,0,1],"ix":3},"o":{"a":0,"k":100,"ix":4},"w":{"a":0,"k":10,"ix":5},"lc":2,"lj":1,"ml":4,"bm":0,"nm":"Stroke 1","mn":"ADBE Vector Graphic - Stroke","hd":false},{"ty":"tr","p":{"a":0,"k":[0,0],"ix":2},"a":{"a":0,"k":[0,0],"ix":1},"s":{"a":0,"k":[100,100],"ix":3},"r":{"a":0,"k":0,"ix":6},"o":{"a":0,"k":100,"ix":7},"sk":{"a":0,"k":0,"ix":4},"sa":{"a":0,"k":0,"ix":5},"nm":"Transform"}],"nm":"Shape 1","np":4,"cix":2,"bm":0,"ix":1,"mn":"ADBE Vector Group","hd":false}],"ip":64.0640640640641,"op":82.0820820820821,"st":0,"bm":0},{"ddd":0,"ind":21,"ty":4,"nm":"Line Effect 4","parent":26,"sr":1,"ks":{"o":{"a":0,"k":100,"ix":11},"r":{"a":0,"k":0,"ix":10},"p":{"a":0,"k":[50,50.5,0],"ix":2},"a":{"a":0,"k":[0,0,0],"ix":1},"s":{"a":0,"k":[-100,100,100],"ix":6}},"ao":0,"shapes":[{"ty":"gr","it":[{"ind":0,"ty":"sh","ix":1,"ks":{"a":1,"k":[{"i":{"x":0.833,"y":0.833},"o":{"x":0.167,"y":0.167},"t":50.051,"s":[{"i":[[0,0],[16.531,-14.49],[6.5,-43],[-12,-60],[0,-65]],"o":[[0,0],[-112.5,100.5],[-6.5,43],[3.813,40.649],[0,42]],"v":[[0,-387],[-12.5,-346],[-137,-79],[-127,132.5],[-81,371.5]],"c":false}]},{"i":{"x":0.833,"y":0.833},"o":{"x":0.167,"y":0.167},"t":52.053,"s":[{"i":[[0,0],[16.531,-14.49],[6.5,-43],[-19,-39],[0,-65]],"o":[[0,0],[-112.5,100.5],[-4,76.5],[5,28],[0,42]],"v":[[0,-387],[-12.5,-346],[-137,-79],[-182,142.5],[-81,371.5]],"c":false}]},{"i":{"x":0.833,"y":0.833},"o":{"x":0.167,"y":0.167},"t":54.055,"s":[{"i":[[0,0],[16.531,-14.49],[6.5,-43],[-19,-39],[0,-65]],"o":[[0,0],[-112.5,100.5],[-16,65.5],[5,28],[0,42]],"v":[[0,-387],[-12.5,-346],[-137,-79],[-200,146.5],[-81,371.5]],"c":false}]},{"i":{"x":0.833,"y":0.833},"o":{"x":0.167,"y":0.167},"t":56.057,"s":[{"i":[[0,0],[16.531,-14.49],[6.5,-43],[0,-74],[0,-65]],"o":[[0,0],[-112.5,100.5],[-25,62.5],[-3,91],[0,42]],"v":[[0,-387],[-12.5,-346],[-137,-79],[-215,149.5],[-218,373.5]],"c":false}]},{"i":{"x":0.833,"y":0.833},"o":{"x":0.167,"y":0.167},"t":58.059,"s":[{"i":[[0,0],[16.531,-14.49],[6.5,-43],[1,-75],[0,-65]],"o":[[0,0],[-112.5,100.5],[-42,51.5],[0,37],[0,42]],"v":[[0,-387],[-12.5,-346],[-137,-79],[-231,160.5],[-231,375.5]],"c":false}]},{"t":60.060546875,"s":[{"i":[[0,0],[16.531,-14.49],[6.5,-43],[4,-110],[0,-65]],"o":[[0,0],[-112.5,100.5],[-42,51.5],[-3,71],[0,42]],"v":[[0,-387],[-12.5,-346],[-137,-79],[-244,159.5],[-245,373.5]],"c":false}]}],"ix":2},"nm":"Path 1","mn":"ADBE Vector Shape - Group","hd":false},{"ty":"tm","s":{"a":1,"k":[{"i":{"x":[0.833],"y":[0.833]},"o":{"x":[0.167],"y":[0.167]},"t":46.047,"s":[0]},{"t":68.068359375,"s":[100]}],"ix":1},"e":{"a":1,"k":[{"i":{"x":[0.833],"y":[0.833]},"o":{"x":[0.167],"y":[0.167]},"t":40.041,"s":[0]},{"i":{"x":[0.833],"y":[0.833]},"o":{"x":[0.167],"y":[0.167]},"t":60.061,"s":[91.667]},{"t":68.068359375,"s":[100]}],"ix":2},"o":{"a":0,"k":0,"ix":3},"m":1,"ix":2,"nm":"Trim Paths 1","mn":"ADBE Vector Filter - Trim","hd":false},{"ty":"st","c":{"a":0,"k":[0,0,0,1],"ix":3},"o":{"a":0,"k":100,"ix":4},"w":{"a":0,"k":10,"ix":5},"lc":2,"lj":1,"ml":4,"bm":0,"nm":"Stroke 1","mn":"ADBE Vector Graphic - Stroke","hd":false},{"ty":"tr","p":{"a":0,"k":[0,0],"ix":2},"a":{"a":0,"k":[0,0],"ix":1},"s":{"a":0,"k":[100,100],"ix":3},"r":{"a":0,"k":0,"ix":6},"o":{"a":0,"k":100,"ix":7},"sk":{"a":0,"k":0,"ix":4},"sa":{"a":0,"k":0,"ix":5},"nm":"Transform"}],"nm":"Shape 1","np":4,"cix":2,"bm":0,"ix":1,"mn":"ADBE Vector Group","hd":false}],"ip":40.04004004004,"op":70.0700700700701,"st":0,"bm":0},{"ddd":0,"ind":22,"ty":4,"nm":"Line Effect 3","parent":26,"sr":1,"ks":{"o":{"a":0,"k":100,"ix":11},"r":{"a":0,"k":0,"ix":10},"p":{"a":0,"k":[50,50.5,0],"ix":2},"a":{"a":0,"k":[0,0,0],"ix":1},"s":{"a":0,"k":[100,100,100],"ix":6}},"ao":0,"shapes":[{"ty":"gr","it":[{"ind":0,"ty":"sh","ix":1,"ks":{"a":0,"k":{"i":[[0,0],[16.531,-14.49],[6.5,-43],[-12,-60],[0,-65]],"o":[[0,0],[-112.5,100.5],[-6.5,43],[3.813,40.649],[0,42]],"v":[[0,-387],[-12.5,-346],[-137,-79],[-127,132.5],[-81,371.5]],"c":false},"ix":2},"nm":"Path 1","mn":"ADBE Vector Shape - Group","hd":false},{"ty":"tm","s":{"a":1,"k":[{"i":{"x":[0.833],"y":[0.833]},"o":{"x":[0.167],"y":[0.167]},"t":30.029,"s":[0]},{"t":52.052734375,"s":[100]}],"ix":1},"e":{"a":1,"k":[{"i":{"x":[0.833],"y":[0.833]},"o":{"x":[0.167],"y":[0.167]},"t":30.029,"s":[0]},{"i":{"x":[0.833],"y":[0.833]},"o":{"x":[0.167],"y":[0.167]},"t":44.045,"s":[91.667]},{"t":52.052734375,"s":[100]}],"ix":2},"o":{"a":0,"k":0,"ix":3},"m":1,"ix":2,"nm":"Trim Paths 1","mn":"ADBE Vector Filter - Trim","hd":false},{"ty":"st","c":{"a":0,"k":[0,0,0,1],"ix":3},"o":{"a":0,"k":100,"ix":4},"w":{"a":0,"k":10,"ix":5},"lc":2,"lj":1,"ml":4,"bm":0,"nm":"Stroke 1","mn":"ADBE Vector Graphic - Stroke","hd":false},{"ty":"tr","p":{"a":0,"k":[0,0],"ix":2},"a":{"a":0,"k":[0,0],"ix":1},"s":{"a":0,"k":[100,100],"ix":3},"r":{"a":0,"k":0,"ix":6},"o":{"a":0,"k":100,"ix":7},"sk":{"a":0,"k":0,"ix":4},"sa":{"a":0,"k":0,"ix":5},"nm":"Transform"}],"nm":"Shape 1","np":4,"cix":2,"bm":0,"ix":1,"mn":"ADBE Vector Group","hd":false}],"ip":30.03003003003,"op":54.0540540540541,"st":0,"bm":0},{"ddd":0,"ind":23,"ty":4,"nm":"Line Effect 2","parent":26,"sr":1,"ks":{"o":{"a":0,"k":100,"ix":11},"r":{"a":0,"k":0,"ix":10},"p":{"a":0,"k":[50,50.5,0],"ix":2},"a":{"a":0,"k":[0,0,0],"ix":1},"s":{"a":0,"k":[-100,100,100],"ix":6}},"ao":0,"shapes":[{"ty":"gr","it":[{"ind":0,"ty":"sh","ix":1,"ks":{"a":0,"k":{"i":[[0,0],[16.531,-14.49],[6.5,-43],[-12,-60],[0,-65]],"o":[[0,0],[-112.5,100.5],[-6.5,43],[3.813,40.649],[0,42]],"v":[[0,-387],[-12.5,-346],[-137,-79],[-127,132.5],[-81,371.5]],"c":false},"ix":2},"nm":"Path 1","mn":"ADBE Vector Shape - Group","hd":false},{"ty":"tm","s":{"a":1,"k":[{"i":{"x":[0.833],"y":[0.833]},"o":{"x":[0.167],"y":[0.167]},"t":18.018,"s":[0]},{"t":44.044921875,"s":[100]}],"ix":1},"e":{"a":1,"k":[{"i":{"x":[0.833],"y":[0.833]},"o":{"x":[0.167],"y":[0.167]},"t":18.018,"s":[0]},{"i":{"x":[0.833],"y":[0.833]},"o":{"x":[0.167],"y":[0.167]},"t":36.035,"s":[91.667]},{"t":44.044921875,"s":[100]}],"ix":2},"o":{"a":0,"k":0,"ix":3},"m":1,"ix":2,"nm":"Trim Paths 1","mn":"ADBE Vector Filter - Trim","hd":false},{"ty":"st","c":{"a":0,"k":[0,0,0,1],"ix":3},"o":{"a":0,"k":100,"ix":4},"w":{"a":0,"k":10,"ix":5},"lc":2,"lj":1,"ml":4,"bm":0,"nm":"Stroke 1","mn":"ADBE Vector Graphic - Stroke","hd":false},{"ty":"tr","p":{"a":0,"k":[0,0],"ix":2},"a":{"a":0,"k":[0,0],"ix":1},"s":{"a":0,"k":[100,100],"ix":3},"r":{"a":0,"k":0,"ix":6},"o":{"a":0,"k":100,"ix":7},"sk":{"a":0,"k":0,"ix":4},"sa":{"a":0,"k":0,"ix":5},"nm":"Transform"}],"nm":"Shape 1","np":4,"cix":2,"bm":0,"ix":1,"mn":"ADBE Vector Group","hd":false}],"ip":18.018018018018,"op":46.046046046046,"st":0,"bm":0},{"ddd":0,"ind":24,"ty":4,"nm":"Line Effect 1","parent":26,"sr":1,"ks":{"o":{"a":0,"k":100,"ix":11},"r":{"a":0,"k":0,"ix":10},"p":{"a":0,"k":[50,50.5,0],"ix":2},"a":{"a":0,"k":[0,0,0],"ix":1},"s":{"a":0,"k":[100,100,100],"ix":6}},"ao":0,"shapes":[{"ty":"gr","it":[{"ind":0,"ty":"sh","ix":1,"ks":{"a":0,"k":{"i":[[0,0],[16.531,-14.49],[6.5,-43],[-12,-60],[0,-65]],"o":[[0,0],[-112.5,100.5],[-6.5,43],[3.813,40.649],[0,42]],"v":[[0,-387],[-12.5,-346],[-137,-79],[-127,132.5],[-81,371.5]],"c":false},"ix":2},"nm":"Path 1","mn":"ADBE Vector Shape - Group","hd":false},{"ty":"tm","s":{"a":1,"k":[{"i":{"x":[0.833],"y":[0.833]},"o":{"x":[0.167],"y":[0.167]},"t":8.008,"s":[0]},{"t":30.029296875,"s":[100]}],"ix":1},"e":{"a":1,"k":[{"i":{"x":[0.833],"y":[0.833]},"o":{"x":[0.167],"y":[0.167]},"t":0,"s":[0]},{"i":{"x":[0.833],"y":[0.833]},"o":{"x":[0.167],"y":[0.167]},"t":22.021,"s":[91.667]},{"t":30.029296875,"s":[100]}],"ix":2},"o":{"a":0,"k":0,"ix":3},"m":1,"ix":2,"nm":"Trim Paths 1","mn":"ADBE Vector Filter - Trim","hd":false},{"ty":"st","c":{"a":0,"k":[0,0,0,1],"ix":3},"o":{"a":0,"k":100,"ix":4},"w":{"a":0,"k":10,"ix":5},"lc":2,"lj":1,"ml":4,"bm":0,"nm":"Stroke 1","mn":"ADBE Vector Graphic - Stroke","hd":false},{"ty":"tr","p":{"a":0,"k":[0,0],"ix":2},"a":{"a":0,"k":[0,0],"ix":1},"s":{"a":0,"k":[100,100],"ix":3},"r":{"a":0,"k":0,"ix":6},"o":{"a":0,"k":100,"ix":7},"sk":{"a":0,"k":0,"ix":4},"sa":{"a":0,"k":0,"ix":5},"nm":"Transform"}],"nm":"Shape 1","np":4,"cix":2,"bm":0,"ix":1,"mn":"ADBE Vector Group","hd":false}],"ip":0,"op":32.032032032032,"st":0,"bm":0},{"ddd":0,"ind":25,"ty":3,"nm":"Star ctrl R","sr":1,"ks":{"o":{"a":0,"k":0,"ix":11},"r":{"a":0,"k":40,"ix":10},"p":{"a":0,"k":[573.5,861,0],"ix":2},"a":{"a":0,"k":[0,0,0],"ix":1},"s":{"a":0,"k":[100,100,100],"ix":6}},"ao":0,"ip":0,"op":120.12012012012,"st":0,"bm":0},{"ddd":0,"ind":26,"ty":3,"nm":"Body ctrl P","sr":1,"ks":{"o":{"a":0,"k":0,"ix":11},"r":{"a":0,"k":42,"ix":10},"p":{"a":1,"k":[{"i":{"x":0.667,"y":1},"o":{"x":0.333,"y":0},"t":0,"s":[573.5,820.5,0],"to":[13,-12.333,0],"ti":[0,0,0]},{"i":{"x":0.667,"y":1},"o":{"x":0.333,"y":0},"t":60.061,"s":[651.5,746.5,0],"to":[0,0,0],"ti":[13,-12.333,0]},{"t":118.1171875,"s":[573.5,820.5,0]}],"ix":2},"a":{"a":0,"k":[50,50,0],"ix":1},"s":{"a":0,"k":[100,100,100],"ix":6}},"ao":0,"ip":0,"op":120.12012012012,"st":0,"bm":0},{"ddd":0,"ind":27,"ty":4,"nm":"Body 3","parent":26,"td":1,"sr":1,"ks":{"o":{"a":0,"k":100,"ix":11},"r":{"a":0,"k":0,"ix":10},"p":{"a":0,"k":[50.194,14.991,0],"ix":2},"a":{"a":0,"k":[211.788,297.201,0],"ix":1},"s":{"a":0,"k":[100,100,100],"ix":6}},"ao":0,"shapes":[{"ty":"gr","it":[{"ind":0,"ty":"sh","ix":1,"ks":{"a":0,"k":{"i":[[0,0],[-76.75,-51]],"o":[[0,0],[0,0]],"v":[[-82.75,24.75],[82.75,25.5]],"c":false},"ix":2},"nm":"Path 1","mn":"ADBE Vector Shape - Group","hd":false},{"ty":"st","c":{"a":0,"k":[0,0,0,1],"ix":3},"o":{"a":0,"k":100,"ix":4},"w":{"a":0,"k":10,"ix":5},"lc":1,"lj":1,"ml":10,"bm":0,"nm":"Stroke 1","mn":"ADBE Vector Graphic - Stroke","hd":false},{"ty":"tr","p":{"a":0,"k":[211.522,134.488],"ix":2},"a":{"a":0,"k":[0,0],"ix":1},"s":{"a":0,"k":[100,100],"ix":3},"r":{"a":0,"k":0,"ix":6},"o":{"a":0,"k":100,"ix":7},"sk":{"a":0,"k":0,"ix":4},"sa":{"a":0,"k":0,"ix":5},"nm":"Transform"}],"nm":"Group 1","np":2,"cix":2,"bm":0,"ix":1,"mn":"ADBE Vector Group","hd":false},{"ty":"gr","it":[{"ind":0,"ty":"sh","ix":1,"ks":{"a":0,"k":{"i":[[0.498,-0.45],[-121.262,-368.073],[-1.221,-0.003],[0,0],[-0.384,1.167],[13.663,12.186],[0.726,-0.024],[0,0]],"o":[[-12.963,11.723],[0.382,1.161],[0,0],[1.228,0.004],[121.061,-367.527],[-0.543,-0.484],[0,0],[-0.67,0.022]],"v":[[-5.4,-271.334],[-65.526,269.838],[-62.837,271.793],[63.019,272.197],[65.727,270.242],[1.986,-271.466],[0.015,-272.177],[-3.597,-272.059]],"c":true},"ix":2},"nm":"Path 1","mn":"ADBE Vector Shape - Group","hd":false},{"ty":"st","c":{"a":0,"k":[0,0,0,1],"ix":3},"o":{"a":0,"k":100,"ix":4},"w":{"a":0,"k":10,"ix":5},"lc":1,"lj":1,"ml":10,"bm":0,"nm":"Stroke 1","mn":"ADBE Vector Graphic - Stroke","hd":false},{"ty":"fl","c":{"a":0,"k":[0.999999940162,0.999999940162,1,1],"ix":4},"o":{"a":0,"k":100,"ix":5},"r":1,"bm":0,"nm":"Fill 1","mn":"ADBE Vector Graphic - Fill","hd":false},{"ty":"tr","p":{"a":0,"k":[211.788,297.201],"ix":2},"a":{"a":0,"k":[0,0],"ix":1},"s":{"a":0,"k":[100,100],"ix":3},"r":{"a":0,"k":0,"ix":6},"o":{"a":0,"k":100,"ix":7},"sk":{"a":0,"k":0,"ix":4},"sa":{"a":0,"k":0,"ix":5},"nm":"Transform"}],"nm":"Group 2","np":3,"cix":2,"bm":0,"ix":2,"mn":"ADBE Vector Group","hd":false}],"ip":0,"op":62.0620620620621,"st":0,"bm":0},{"ddd":0,"ind":28,"ty":4,"nm":"1 wing","parent":26,"tt":2,"sr":1,"ks":{"o":{"a":0,"k":100,"ix":11},"r":{"a":0,"k":0,"ix":10},"p":{"a":0,"k":[-102.319,97.092,0],"ix":2},"a":{"a":0,"k":[81.896,118.272,0],"ix":1},"s":{"a":0,"k":[100,100,100],"ix":6}},"ao":0,"shapes":[{"ty":"gr","it":[{"ind":0,"ty":"sh","ix":1,"ks":{"a":1,"k":[{"i":{"x":0.833,"y":0.833},"o":{"x":0.167,"y":0.167},"t":0,"s":[{"i":[[1.926,-1.029],[7.31,-27.418],[-2.151,0.758],[-48.817,-5.882],[0.381,1.893],[-1.317,31.981]],"o":[[-52.918,28.281],[-0.587,2.204],[14.301,-5.035],[1.917,0.231],[-11.951,-59.328],[0.09,-2.182]],"v":[[39.928,-92.243],[-56.309,89.109],[-52.632,92.514],[53.412,80.395],[56.514,77.01],[44.083,-89.622]],"c":true}]},{"i":{"x":0.833,"y":0.833},"o":{"x":0.167,"y":0.167},"t":60.061,"s":[{"i":[[-1.912,-1.029],[-7.252,-27.42],[2.136,0.757],[48.478,-5.883],[-0.379,1.893],[1.31,31.981]],"o":[[52.55,28.281],[0.583,2.204],[-14.202,-5.035],[-1.904,0.231],[11.868,-59.328],[-0.089,-2.182]],"v":[[265.169,-92.243],[360.736,89.109],[357.085,92.514],[251.777,80.395],[248.697,77.01],[261.042,-89.622]],"c":true}]},{"t":118.1171875,"s":[{"i":[[1.926,-1.029],[7.31,-27.418],[-2.151,0.758],[-48.817,-5.882],[0.381,1.893],[-1.317,31.981]],"o":[[-52.918,28.281],[-0.587,2.204],[14.301,-5.035],[1.917,0.231],[-11.951,-59.328],[0.09,-2.182]],"v":[[39.928,-92.243],[-56.309,89.109],[-52.632,92.514],[53.412,80.395],[56.514,77.01],[44.083,-89.622]],"c":true}]}],"ix":2},"nm":"Path 1","mn":"ADBE Vector Shape - Group","hd":false},{"ty":"st","c":{"a":0,"k":[0,0,0,1],"ix":3},"o":{"a":0,"k":100,"ix":4},"w":{"a":0,"k":10,"ix":5},"lc":1,"lj":1,"ml":10,"bm":0,"nm":"Stroke 1","mn":"ADBE Vector Graphic - Stroke","hd":false},{"ty":"fl","c":{"a":0,"k":[0.999999940162,0.999999940162,1,1],"ix":4},"o":{"a":0,"k":100,"ix":5},"r":1,"bm":0,"nm":"Fill 1","mn":"ADBE Vector Graphic - Fill","hd":false},{"ty":"tr","p":{"a":0,"k":[81.895,118.272],"ix":2},"a":{"a":0,"k":[0,0],"ix":1},"s":{"a":0,"k":[100,100],"ix":3},"r":{"a":0,"k":0,"ix":6},"o":{"a":0,"k":100,"ix":7},"sk":{"a":0,"k":0,"ix":4},"sa":{"a":0,"k":0,"ix":5},"nm":"Transform"}],"nm":"Group 1","np":3,"cix":2,"bm":0,"ix":1,"mn":"ADBE Vector Group","hd":false}],"ip":0,"op":120.12012012012,"st":0,"bm":0},{"ddd":0,"ind":29,"ty":4,"nm":"Body 4","parent":26,"td":1,"sr":1,"ks":{"o":{"a":0,"k":100,"ix":11},"r":{"a":0,"k":0,"ix":10},"p":{"a":0,"k":[50.194,14.991,0],"ix":2},"a":{"a":0,"k":[211.788,297.201,0],"ix":1},"s":{"a":0,"k":[100,100,100],"ix":6}},"ao":0,"shapes":[{"ty":"gr","it":[{"ind":0,"ty":"sh","ix":1,"ks":{"a":0,"k":{"i":[[0,0],[-76.75,-51]],"o":[[0,0],[0,0]],"v":[[-82.75,24.75],[82.75,25.5]],"c":false},"ix":2},"nm":"Path 1","mn":"ADBE Vector Shape - Group","hd":false},{"ty":"st","c":{"a":0,"k":[0,0,0,1],"ix":3},"o":{"a":0,"k":100,"ix":4},"w":{"a":0,"k":10,"ix":5},"lc":1,"lj":1,"ml":10,"bm":0,"nm":"Stroke 1","mn":"ADBE Vector Graphic - Stroke","hd":false},{"ty":"tr","p":{"a":0,"k":[211.522,134.488],"ix":2},"a":{"a":0,"k":[0,0],"ix":1},"s":{"a":0,"k":[100,100],"ix":3},"r":{"a":0,"k":0,"ix":6},"o":{"a":0,"k":100,"ix":7},"sk":{"a":0,"k":0,"ix":4},"sa":{"a":0,"k":0,"ix":5},"nm":"Transform"}],"nm":"Group 1","np":2,"cix":2,"bm":0,"ix":1,"mn":"ADBE Vector Group","hd":false},{"ty":"gr","it":[{"ind":0,"ty":"sh","ix":1,"ks":{"a":0,"k":{"i":[[0.498,-0.45],[-121.262,-368.073],[-1.221,-0.003],[0,0],[-0.384,1.167],[13.663,12.186],[0.726,-0.024],[0,0]],"o":[[-12.963,11.723],[0.382,1.161],[0,0],[1.228,0.004],[121.061,-367.527],[-0.543,-0.484],[0,0],[-0.67,0.022]],"v":[[-5.4,-271.334],[-65.526,269.838],[-62.837,271.793],[63.019,272.197],[65.727,270.242],[1.986,-271.466],[0.015,-272.177],[-3.597,-272.059]],"c":true},"ix":2},"nm":"Path 1","mn":"ADBE Vector Shape - Group","hd":false},{"ty":"st","c":{"a":0,"k":[0,0,0,1],"ix":3},"o":{"a":0,"k":100,"ix":4},"w":{"a":0,"k":10,"ix":5},"lc":1,"lj":1,"ml":10,"bm":0,"nm":"Stroke 1","mn":"ADBE Vector Graphic - Stroke","hd":false},{"ty":"fl","c":{"a":0,"k":[0.999999940162,0.999999940162,1,1],"ix":4},"o":{"a":0,"k":100,"ix":5},"r":1,"bm":0,"nm":"Fill 1","mn":"ADBE Vector Graphic - Fill","hd":false},{"ty":"tr","p":{"a":0,"k":[211.788,297.201],"ix":2},"a":{"a":0,"k":[0,0],"ix":1},"s":{"a":0,"k":[100,100],"ix":3},"r":{"a":0,"k":0,"ix":6},"o":{"a":0,"k":100,"ix":7},"sk":{"a":0,"k":0,"ix":4},"sa":{"a":0,"k":0,"ix":5},"nm":"Transform"}],"nm":"Group 2","np":3,"cix":2,"bm":0,"ix":2,"mn":"ADBE Vector Group","hd":false}],"ip":60.0600600600601,"op":120.12012012012,"st":0,"bm":0},{"ddd":0,"ind":30,"ty":4,"nm":"2 wing","parent":26,"tt":2,"sr":1,"ks":{"o":{"a":0,"k":100,"ix":11},"r":{"a":0,"k":0,"ix":10},"p":{"a":0,"k":[202.318,97.092,0],"ix":2},"a":{"a":0,"k":[81.896,118.272,0],"ix":1},"s":{"a":0,"k":[100,100,100],"ix":6}},"ao":0,"shapes":[{"ty":"gr","it":[{"ind":0,"ty":"sh","ix":1,"ks":{"a":1,"k":[{"i":{"x":0.833,"y":0.833},"o":{"x":0.167,"y":0.167},"t":0,"s":[{"i":[[-1.926,-1.029],[-7.31,-27.418],[2.151,0.758],[48.817,-5.882],[-0.381,1.893],[1.316,31.981]],"o":[[52.919,28.281],[0.587,2.204],[-14.301,-5.035],[-1.917,0.231],[11.951,-59.328],[-0.09,-2.182]],"v":[[-39.927,-92.243],[56.308,89.109],[52.633,92.514],[-53.411,80.395],[-56.515,77.01],[-44.083,-89.622]],"c":true}]},{"i":{"x":0.833,"y":0.833},"o":{"x":0.167,"y":0.167},"t":60.061,"s":[{"i":[[1.942,-1.029],[7.365,-27.42],[-2.169,0.757],[-49.228,-5.883],[0.385,1.893],[-1.33,31.981]],"o":[[-53.365,28.281],[-0.592,2.204],[14.422,-5.035],[1.933,0.231],[-12.052,-59.328],[0.091,-2.182]],"v":[[-264.429,-92.243],[-361.476,89.109],[-357.77,92.514],[-250.831,80.395],[-247.702,77.01],[-260.239,-89.622]],"c":true}]},{"t":118.1171875,"s":[{"i":[[-1.926,-1.029],[-7.31,-27.418],[2.151,0.758],[48.817,-5.882],[-0.381,1.893],[1.316,31.981]],"o":[[52.919,28.281],[0.587,2.204],[-14.301,-5.035],[-1.917,0.231],[11.951,-59.328],[-0.09,-2.182]],"v":[[-39.927,-92.243],[56.308,89.109],[52.633,92.514],[-53.411,80.395],[-56.515,77.01],[-44.083,-89.622]],"c":true}]}],"ix":2},"nm":"Path 1","mn":"ADBE Vector Shape - Group","hd":false},{"ty":"st","c":{"a":0,"k":[0,0,0,1],"ix":3},"o":{"a":0,"k":100,"ix":4},"w":{"a":0,"k":10,"ix":5},"lc":1,"lj":1,"ml":10,"bm":0,"nm":"Stroke 1","mn":"ADBE Vector Graphic - Stroke","hd":false},{"ty":"fl","c":{"a":0,"k":[0.999999940162,0.999999940162,1,1],"ix":4},"o":{"a":0,"k":100,"ix":5},"r":1,"bm":0,"nm":"Fill 1","mn":"ADBE Vector Graphic - Fill","hd":false},{"ty":"tr","p":{"a":0,"k":[81.896,118.272],"ix":2},"a":{"a":0,"k":[0,0],"ix":1},"s":{"a":0,"k":[100,100],"ix":3},"r":{"a":0,"k":0,"ix":6},"o":{"a":0,"k":100,"ix":7},"sk":{"a":0,"k":0,"ix":4},"sa":{"a":0,"k":0,"ix":5},"nm":"Transform"}],"nm":"Group 1","np":3,"cix":2,"bm":0,"ix":1,"mn":"ADBE Vector Group","hd":false}],"ip":0,"op":120.12012012012,"st":0,"bm":0},{"ddd":0,"ind":31,"ty":4,"nm":"Body 2","parent":26,"td":1,"sr":1,"ks":{"o":{"a":0,"k":100,"ix":11},"r":{"a":0,"k":0,"ix":10},"p":{"a":0,"k":[50.194,14.991,0],"ix":2},"a":{"a":0,"k":[211.788,297.201,0],"ix":1},"s":{"a":0,"k":[100,100,100],"ix":6}},"ao":0,"shapes":[{"ty":"gr","it":[{"ind":0,"ty":"sh","ix":1,"ks":{"a":0,"k":{"i":[[0,0],[-76.75,-51]],"o":[[0,0],[0,0]],"v":[[-82.75,24.75],[82.75,25.5]],"c":false},"ix":2},"nm":"Path 1","mn":"ADBE Vector Shape - Group","hd":false},{"ty":"st","c":{"a":0,"k":[0,0,0,1],"ix":3},"o":{"a":0,"k":100,"ix":4},"w":{"a":0,"k":10,"ix":5},"lc":1,"lj":1,"ml":10,"bm":0,"nm":"Stroke 1","mn":"ADBE Vector Graphic - Stroke","hd":false},{"ty":"tr","p":{"a":0,"k":[211.522,134.488],"ix":2},"a":{"a":0,"k":[0,0],"ix":1},"s":{"a":0,"k":[100,100],"ix":3},"r":{"a":0,"k":0,"ix":6},"o":{"a":0,"k":100,"ix":7},"sk":{"a":0,"k":0,"ix":4},"sa":{"a":0,"k":0,"ix":5},"nm":"Transform"}],"nm":"Group 1","np":2,"cix":2,"bm":0,"ix":1,"mn":"ADBE Vector Group","hd":false},{"ty":"gr","it":[{"ind":0,"ty":"sh","ix":1,"ks":{"a":0,"k":{"i":[[0.498,-0.45],[-121.262,-368.073],[-1.221,-0.003],[0,0],[-0.384,1.167],[13.663,12.186],[0.726,-0.024],[0,0]],"o":[[-12.963,11.723],[0.382,1.161],[0,0],[1.228,0.004],[121.061,-367.527],[-0.543,-0.484],[0,0],[-0.67,0.022]],"v":[[-5.4,-271.334],[-65.526,269.838],[-62.837,271.793],[63.019,272.197],[65.727,270.242],[1.986,-271.466],[0.015,-272.177],[-3.597,-272.059]],"c":true},"ix":2},"nm":"Path 1","mn":"ADBE Vector Shape - Group","hd":false},{"ty":"st","c":{"a":0,"k":[0,0,0,1],"ix":3},"o":{"a":0,"k":100,"ix":4},"w":{"a":0,"k":10,"ix":5},"lc":1,"lj":1,"ml":10,"bm":0,"nm":"Stroke 1","mn":"ADBE Vector Graphic - Stroke","hd":false},{"ty":"fl","c":{"a":0,"k":[0.999999940162,0.999999940162,1,1],"ix":4},"o":{"a":0,"k":100,"ix":5},"r":1,"bm":0,"nm":"Fill 1","mn":"ADBE Vector Graphic - Fill","hd":false},{"ty":"tr","p":{"a":0,"k":[211.788,297.201],"ix":2},"a":{"a":0,"k":[0,0],"ix":1},"s":{"a":0,"k":[100,100],"ix":3},"r":{"a":0,"k":0,"ix":6},"o":{"a":0,"k":100,"ix":7},"sk":{"a":0,"k":0,"ix":4},"sa":{"a":0,"k":0,"ix":5},"nm":"Transform"}],"nm":"Group 2","np":3,"cix":2,"bm":0,"ix":2,"mn":"ADBE Vector Group","hd":false}],"ip":0,"op":120.12012012012,"st":0,"bm":0},{"ddd":0,"ind":32,"ty":4,"nm":"Iilum","parent":26,"tt":1,"sr":1,"ks":{"o":{"a":0,"k":100,"ix":11},"r":{"a":0,"k":0,"ix":10},"p":{"a":1,"k":[{"i":{"x":0.833,"y":0.833},"o":{"x":0.167,"y":0.167},"t":0,"s":[50,63.416,0],"to":[-27.667,0,0],"ti":[-27,0,0]},{"i":{"x":0.833,"y":0.833},"o":{"x":0.167,"y":0.167},"t":36.035,"s":[-116,63.416,0],"to":[27,0,0],"ti":[49.333,0,0]},{"t":38.037,"s":[212,63.416,0],"h":1},{"i":{"x":0.833,"y":0.833},"o":{"x":0.167,"y":0.167},"t":84.084,"s":[212,63.416,0],"to":[-17.657,0,0],"ti":[39.94,0,0]},{"i":{"x":0.833,"y":0.833},"o":{"x":0.167,"y":0.167},"t":106.105,"s":[107.178,63.416,0],"to":[-24.822,0,0],"ti":[10.349,0,0]},{"t":118.1171875,"s":[50,63.416,0]}],"ix":2},"a":{"a":0,"k":[76.333,128.086,0],"ix":1},"s":{"a":0,"k":[100,100,100],"ix":6}},"ao":0,"shapes":[{"ty":"gr","it":[{"ind":0,"ty":"sh","ix":1,"ks":{"a":0,"k":{"i":[[0,-28.351],[28.351,0],[0,28.351],[-28.351,0]],"o":[[0,28.351],[-28.351,0],[0,-28.351],[28.351,0]],"v":[[51.334,0],[0.001,51.333],[-51.334,0],[0.001,-51.333]],"c":true},"ix":2},"nm":"Path 1","mn":"ADBE Vector Shape - Group","hd":false},{"ty":"st","c":{"a":0,"k":[0,0,0,1],"ix":3},"o":{"a":0,"k":100,"ix":4},"w":{"a":0,"k":10,"ix":5},"lc":1,"lj":1,"ml":10,"bm":0,"nm":"Stroke 1","mn":"ADBE Vector Graphic - Stroke","hd":false},{"ty":"tr","p":{"a":0,"k":[76.334,76.333],"ix":2},"a":{"a":0,"k":[0,0],"ix":1},"s":{"a":0,"k":[100,100],"ix":3},"r":{"a":0,"k":0,"ix":6},"o":{"a":0,"k":100,"ix":7},"sk":{"a":0,"k":0,"ix":4},"sa":{"a":0,"k":0,"ix":5},"nm":"Transform"}],"nm":"Group 1","np":2,"cix":2,"bm":0,"ix":1,"mn":"ADBE Vector Group","hd":false},{"ty":"gr","it":[{"ind":0,"ty":"sh","ix":1,"ks":{"a":0,"k":{"i":[[0,-16.664],[16.663,0],[0,16.663],[-16.663,0]],"o":[[0,16.663],[-16.663,0],[0,-16.664],[16.663,0]],"v":[[30.172,0],[0,30.172],[-30.172,0],[0,-30.172]],"c":true},"ix":2},"nm":"Path 1","mn":"ADBE Vector Shape - Group","hd":false},{"ty":"st","c":{"a":0,"k":[0,0,0,1],"ix":3},"o":{"a":0,"k":100,"ix":4},"w":{"a":0,"k":10,"ix":5},"lc":1,"lj":1,"ml":10,"bm":0,"nm":"Stroke 1","mn":"ADBE Vector Graphic - Stroke","hd":false},{"ty":"tr","p":{"a":0,"k":[76.334,201],"ix":2},"a":{"a":0,"k":[0,0],"ix":1},"s":{"a":0,"k":[100,100],"ix":3},"r":{"a":0,"k":0,"ix":6},"o":{"a":0,"k":100,"ix":7},"sk":{"a":0,"k":0,"ix":4},"sa":{"a":0,"k":0,"ix":5},"nm":"Transform"}],"nm":"Group 2","np":2,"cix":2,"bm":0,"ix":2,"mn":"ADBE Vector Group","hd":false}],"ip":0,"op":120.12012012012,"st":0,"bm":0},{"ddd":0,"ind":33,"ty":4,"nm":"Body 5","parent":26,"td":1,"sr":1,"ks":{"o":{"a":0,"k":100,"ix":11},"r":{"a":0,"k":0,"ix":10},"p":{"a":0,"k":[50.194,14.991,0],"ix":2},"a":{"a":0,"k":[211.788,297.201,0],"ix":1},"s":{"a":0,"k":[100,100,100],"ix":6}},"ao":0,"shapes":[{"ty":"gr","it":[{"ind":0,"ty":"sh","ix":1,"ks":{"a":0,"k":{"i":[[0,0],[-76.75,-51]],"o":[[0,0],[0,0]],"v":[[-82.75,24.75],[82.75,25.5]],"c":false},"ix":2},"nm":"Path 1","mn":"ADBE Vector Shape - Group","hd":false},{"ty":"st","c":{"a":0,"k":[0,0,0,1],"ix":3},"o":{"a":0,"k":100,"ix":4},"w":{"a":0,"k":10,"ix":5},"lc":1,"lj":1,"ml":10,"bm":0,"nm":"Stroke 1","mn":"ADBE Vector Graphic - Stroke","hd":false},{"ty":"tr","p":{"a":0,"k":[211.522,134.488],"ix":2},"a":{"a":0,"k":[0,0],"ix":1},"s":{"a":0,"k":[100,100],"ix":3},"r":{"a":0,"k":0,"ix":6},"o":{"a":0,"k":100,"ix":7},"sk":{"a":0,"k":0,"ix":4},"sa":{"a":0,"k":0,"ix":5},"nm":"Transform"}],"nm":"Group 1","np":2,"cix":2,"bm":0,"ix":1,"mn":"ADBE Vector Group","hd":false},{"ty":"gr","it":[{"ind":0,"ty":"sh","ix":1,"ks":{"a":0,"k":{"i":[[0.498,-0.45],[-121.262,-368.073],[-1.221,-0.003],[0,0],[-0.384,1.167],[13.663,12.186],[0.726,-0.024],[0,0]],"o":[[-12.963,11.723],[0.382,1.161],[0,0],[1.228,0.004],[121.061,-367.527],[-0.543,-0.484],[0,0],[-0.67,0.022]],"v":[[-5.4,-271.334],[-65.526,269.838],[-62.837,271.793],[63.019,272.197],[65.727,270.242],[1.986,-271.466],[0.015,-272.177],[-3.597,-272.059]],"c":true},"ix":2},"nm":"Path 1","mn":"ADBE Vector Shape - Group","hd":false},{"ty":"st","c":{"a":0,"k":[0,0,0,1],"ix":3},"o":{"a":0,"k":100,"ix":4},"w":{"a":0,"k":10,"ix":5},"lc":1,"lj":1,"ml":10,"bm":0,"nm":"Stroke 1","mn":"ADBE Vector Graphic - Stroke","hd":false},{"ty":"fl","c":{"a":0,"k":[0.999999940162,0.999999940162,1,1],"ix":4},"o":{"a":0,"k":100,"ix":5},"r":1,"bm":0,"nm":"Fill 1","mn":"ADBE Vector Graphic - Fill","hd":false},{"ty":"tr","p":{"a":0,"k":[211.788,297.201],"ix":2},"a":{"a":0,"k":[0,0],"ix":1},"s":{"a":0,"k":[100,100],"ix":3},"r":{"a":0,"k":0,"ix":6},"o":{"a":0,"k":100,"ix":7},"sk":{"a":0,"k":0,"ix":4},"sa":{"a":0,"k":0,"ix":5},"nm":"Transform"}],"nm":"Group 2","np":3,"cix":2,"bm":0,"ix":2,"mn":"ADBE Vector Group","hd":false}],"ip":0,"op":120.12012012012,"st":0,"bm":0},{"ddd":0,"ind":34,"ty":4,"nm":"Iilum 2","parent":26,"tt":1,"sr":1,"ks":{"o":{"a":0,"k":100,"ix":11},"r":{"a":0,"k":0,"ix":10},"p":{"a":1,"k":[{"i":{"x":0.833,"y":0.833},"o":{"x":0.167,"y":0.167},"t":24.023,"s":[212,63.416,0],"to":[-28.631,0,0],"ti":[70.467,0,0]},{"i":{"x":0.833,"y":0.833},"o":{"x":0.167,"y":0.167},"t":60.061,"s":[50,63.416,0],"to":[-50.955,0,0],"ti":[20.703,0,0]},{"i":{"x":0.833,"y":0.833},"o":{"x":0.167,"y":0.167},"t":96.096,"s":[-116,63.416,0],"to":[-49.333,0,0],"ti":[0,0,0]},{"t":106.10546875,"s":[-116,63.416,0]}],"ix":2},"a":{"a":0,"k":[76.333,128.086,0],"ix":1},"s":{"a":0,"k":[100,100,100],"ix":6}},"ao":0,"shapes":[{"ty":"gr","it":[{"ind":0,"ty":"sh","ix":1,"ks":{"a":0,"k":{"i":[[0,-28.351],[28.351,0],[0,28.351],[-28.351,0]],"o":[[0,28.351],[-28.351,0],[0,-28.351],[28.351,0]],"v":[[51.334,0],[0.001,51.333],[-51.334,0],[0.001,-51.333]],"c":true},"ix":2},"nm":"Path 1","mn":"ADBE Vector Shape - Group","hd":false},{"ty":"st","c":{"a":0,"k":[0,0,0,1],"ix":3},"o":{"a":0,"k":100,"ix":4},"w":{"a":0,"k":10,"ix":5},"lc":1,"lj":1,"ml":10,"bm":0,"nm":"Stroke 1","mn":"ADBE Vector Graphic - Stroke","hd":false},{"ty":"tr","p":{"a":0,"k":[76.334,76.333],"ix":2},"a":{"a":0,"k":[0,0],"ix":1},"s":{"a":0,"k":[100,100],"ix":3},"r":{"a":0,"k":0,"ix":6},"o":{"a":0,"k":100,"ix":7},"sk":{"a":0,"k":0,"ix":4},"sa":{"a":0,"k":0,"ix":5},"nm":"Transform"}],"nm":"Group 1","np":2,"cix":2,"bm":0,"ix":1,"mn":"ADBE Vector Group","hd":false},{"ty":"gr","it":[{"ind":0,"ty":"sh","ix":1,"ks":{"a":0,"k":{"i":[[0,-16.664],[16.663,0],[0,16.663],[-16.663,0]],"o":[[0,16.663],[-16.663,0],[0,-16.664],[16.663,0]],"v":[[30.172,0],[0,30.172],[-30.172,0],[0,-30.172]],"c":true},"ix":2},"nm":"Path 1","mn":"ADBE Vector Shape - Group","hd":false},{"ty":"st","c":{"a":0,"k":[0,0,0,1],"ix":3},"o":{"a":0,"k":100,"ix":4},"w":{"a":0,"k":10,"ix":5},"lc":1,"lj":1,"ml":10,"bm":0,"nm":"Stroke 1","mn":"ADBE Vector Graphic - Stroke","hd":false},{"ty":"tr","p":{"a":0,"k":[76.334,201],"ix":2},"a":{"a":0,"k":[0,0],"ix":1},"s":{"a":0,"k":[100,100],"ix":3},"r":{"a":0,"k":0,"ix":6},"o":{"a":0,"k":100,"ix":7},"sk":{"a":0,"k":0,"ix":4},"sa":{"a":0,"k":0,"ix":5},"nm":"Transform"}],"nm":"Group 2","np":2,"cix":2,"bm":0,"ix":2,"mn":"ADBE Vector Group","hd":false}],"ip":0,"op":120.12012012012,"st":0,"bm":0},{"ddd":0,"ind":35,"ty":4,"nm":"Body","parent":26,"sr":1,"ks":{"o":{"a":0,"k":100,"ix":11},"r":{"a":0,"k":0,"ix":10},"p":{"a":0,"k":[50.194,14.991,0],"ix":2},"a":{"a":0,"k":[211.788,297.201,0],"ix":1},"s":{"a":0,"k":[100,100,100],"ix":6}},"ao":0,"shapes":[{"ty":"gr","it":[{"ind":0,"ty":"sh","ix":1,"ks":{"a":0,"k":{"i":[[0,0],[-76.75,-51]],"o":[[0,0],[0,0]],"v":[[-82.75,24.75],[82.75,25.5]],"c":false},"ix":2},"nm":"Path 1","mn":"ADBE Vector Shape - Group","hd":false},{"ty":"st","c":{"a":0,"k":[0,0,0,1],"ix":3},"o":{"a":0,"k":100,"ix":4},"w":{"a":0,"k":10,"ix":5},"lc":1,"lj":1,"ml":10,"bm":0,"nm":"Stroke 1","mn":"ADBE Vector Graphic - Stroke","hd":false},{"ty":"tr","p":{"a":0,"k":[211.522,134.488],"ix":2},"a":{"a":0,"k":[0,0],"ix":1},"s":{"a":0,"k":[100,100],"ix":3},"r":{"a":0,"k":0,"ix":6},"o":{"a":0,"k":100,"ix":7},"sk":{"a":0,"k":0,"ix":4},"sa":{"a":0,"k":0,"ix":5},"nm":"Transform"}],"nm":"Group 1","np":2,"cix":2,"bm":0,"ix":1,"mn":"ADBE Vector Group","hd":false},{"ty":"gr","it":[{"ind":0,"ty":"sh","ix":1,"ks":{"a":0,"k":{"i":[[0.498,-0.45],[-121.262,-368.073],[-1.221,-0.003],[0,0],[-0.384,1.167],[13.663,12.186],[0.726,-0.024],[0,0]],"o":[[-12.963,11.723],[0.382,1.161],[0,0],[1.228,0.004],[121.061,-367.527],[-0.543,-0.484],[0,0],[-0.67,0.022]],"v":[[-5.4,-271.334],[-65.526,269.838],[-62.837,271.793],[63.019,272.197],[65.727,270.242],[1.986,-271.466],[0.015,-272.177],[-3.597,-272.059]],"c":true},"ix":2},"nm":"Path 1","mn":"ADBE Vector Shape - Group","hd":false},{"ty":"st","c":{"a":0,"k":[0,0,0,1],"ix":3},"o":{"a":0,"k":100,"ix":4},"w":{"a":0,"k":10,"ix":5},"lc":1,"lj":1,"ml":10,"bm":0,"nm":"Stroke 1","mn":"ADBE Vector Graphic - Stroke","hd":false},{"ty":"fl","c":{"a":0,"k":[0.999999940162,0.999999940162,1,1],"ix":4},"o":{"a":0,"k":100,"ix":5},"r":1,"bm":0,"nm":"Fill 1","mn":"ADBE Vector Graphic - Fill","hd":false},{"ty":"tr","p":{"a":0,"k":[211.788,297.201],"ix":2},"a":{"a":0,"k":[0,0],"ix":1},"s":{"a":0,"k":[100,100],"ix":3},"r":{"a":0,"k":0,"ix":6},"o":{"a":0,"k":100,"ix":7},"sk":{"a":0,"k":0,"ix":4},"sa":{"a":0,"k":0,"ix":5},"nm":"Transform"}],"nm":"Group 2","np":3,"cix":2,"bm":0,"ix":2,"mn":"ADBE Vector Group","hd":false}],"ip":0,"op":120.12012012012,"st":0,"bm":0},{"ddd":0,"ind":36,"ty":4,"nm":"Radial","sr":1,"ks":{"o":{"a":0,"k":100,"ix":11},"r":{"a":0,"k":0,"ix":10},"p":{"a":0,"k":[573,861,0],"ix":2},"a":{"a":0,"k":[-76.539,-316.273,0],"ix":1},"s":{"a":0,"k":[165.519,244.04,100],"ix":6}},"ao":0,"shapes":[{"ty":"gr","it":[{"ty":"rc","d":1,"s":{"a":0,"k":[341.484,357.047],"ix":2},"p":{"a":0,"k":[0,0],"ix":3},"r":{"a":0,"k":0,"ix":4},"nm":"Rectangle Path 1","mn":"ADBE Vector Shape - Rect","hd":false},{"ty":"gf","o":{"a":0,"k":100,"ix":10},"r":1,"bm":0,"g":{"p":3,"k":{"a":0,"k":[0.428,1,1,1,0.731,1,1,1,0.771,1,1,1,0.431,0,0.692,0.5,0.773,1],"ix":9}},"s":{"a":0,"k":[0,0],"ix":5},"e":{"a":0,"k":[173.816,0.55],"ix":6},"t":2,"h":{"a":0,"k":0,"ix":7},"a":{"a":0,"k":0,"ix":8},"nm":"Gradient Fill 1","mn":"ADBE Vector Graphic - G-Fill","hd":false},{"ty":"tr","p":{"a":0,"k":[-76.539,-316.273],"ix":2},"a":{"a":0,"k":[0,0],"ix":1},"s":{"a":0,"k":[203.81,199.109],"ix":3},"r":{"a":0,"k":0,"ix":6},"o":{"a":0,"k":100,"ix":7},"sk":{"a":0,"k":0,"ix":4},"sa":{"a":0,"k":0,"ix":5},"nm":"Transform"}],"nm":"Rectangle 1","np":3,"cix":2,"bm":0,"ix":1,"mn":"ADBE Vector Group","hd":false}],"ip":0,"op":120.12012012012,"st":0,"bm":0},{"ddd":0,"ind":37,"ty":4,"nm":"Cross star 4","parent":25,"sr":1,"ks":{"o":{"a":0,"k":100,"ix":11},"r":{"a":0,"k":50,"ix":10},"p":{"a":1,"k":[{"i":{"x":0.833,"y":0.833},"o":{"x":0.167,"y":0.167},"t":0,"s":[-268.621,360,0],"to":[0,-0.494,0],"ti":[0,2.627,0]},{"i":{"x":0.833,"y":0.833},"o":{"x":0.167,"y":0.167},"t":24.023,"s":[-268.621,594.915,0],"to":[0,-0.533,0],"ti":[0,3.083,0]},{"i":{"x":0.833,"y":0.833},"o":{"x":0.167,"y":0.167},"t":25,"s":[-268.621,-629.615,0],"to":[0,-37.988,0],"ti":[0,0.797,0]},{"t":118.1171875,"s":[-268.621,335,0]}],"ix":2},"a":{"a":0,"k":[-240.621,-262.75,0],"ix":1},"s":{"a":0,"k":[100,100,100],"ix":6}},"ao":0,"shapes":[{"ty":"gr","it":[{"ind":0,"ty":"sh","ix":1,"ks":{"a":0,"k":{"i":[[0,0],[0,0]],"o":[[0,0],[0,0]],"v":[[-240,-287],[-240,-238.5]],"c":false},"ix":2},"nm":"Path 1","mn":"ADBE Vector Shape - Group","hd":false},{"ty":"st","c":{"a":0,"k":[0,0,0,1],"ix":3},"o":{"a":0,"k":100,"ix":4},"w":{"a":0,"k":8,"ix":5},"lc":2,"lj":1,"ml":4,"bm":0,"nm":"Stroke 1","mn":"ADBE Vector Graphic - Stroke","hd":false},{"ty":"tr","p":{"a":0,"k":[-238.855,-261.266],"ix":2},"a":{"a":0,"k":[-238.355,-265.016],"ix":1},"s":{"a":0,"k":[87.812,66.895],"ix":3},"r":{"a":0,"k":90,"ix":6},"o":{"a":0,"k":100,"ix":7},"sk":{"a":0,"k":0,"ix":4},"sa":{"a":0,"k":0,"ix":5},"nm":"Transform"}],"nm":"Shape 2","np":3,"cix":2,"bm":0,"ix":1,"mn":"ADBE Vector Group","hd":false},{"ty":"gr","it":[{"ind":0,"ty":"sh","ix":1,"ks":{"a":0,"k":{"i":[[0,0],[0,0]],"o":[[0,0],[0,0]],"v":[[-240,-287],[-240,-238.5]],"c":false},"ix":2},"nm":"Path 1","mn":"ADBE Vector Shape - Group","hd":false},{"ty":"st","c":{"a":0,"k":[0,0,0,1],"ix":3},"o":{"a":0,"k":100,"ix":4},"w":{"a":0,"k":8,"ix":5},"lc":2,"lj":1,"ml":4,"bm":0,"nm":"Stroke 1","mn":"ADBE Vector Graphic - Stroke","hd":false},{"ty":"tr","p":{"a":0,"k":[-238.355,-265.016],"ix":2},"a":{"a":0,"k":[-238.355,-265.016],"ix":1},"s":{"a":0,"k":[102.581,74.248],"ix":3},"r":{"a":0,"k":0,"ix":6},"o":{"a":0,"k":100,"ix":7},"sk":{"a":0,"k":0,"ix":4},"sa":{"a":0,"k":0,"ix":5},"nm":"Transform"}],"nm":"Shape 1","np":3,"cix":2,"bm":0,"ix":2,"mn":"ADBE Vector Group","hd":false}],"ip":0,"op":120.12012012012,"st":0,"bm":0},{"ddd":0,"ind":38,"ty":4,"nm":"Cross star 3","parent":25,"sr":1,"ks":{"o":{"a":0,"k":100,"ix":11},"r":{"a":0,"k":50,"ix":10},"p":{"a":1,"k":[{"i":{"x":0.833,"y":0.833},"o":{"x":0.167,"y":0.167},"t":0,"s":[361.381,-336.199,0],"to":[0,-1.829,0],"ti":[0,4.532,0]},{"i":{"x":0.833,"y":0.833},"o":{"x":0.167,"y":0.167},"t":96.096,"s":[361.381,647.202,0],"to":[0,-0.576,0],"ti":[0,14.11,0]},{"i":{"x":0.833,"y":0.833},"o":{"x":0.167,"y":0.167},"t":97,"s":[361.381,-528.575,0],"to":[0,-127.82,0],"ti":[0,2.105,0]},{"t":118.1171875,"s":[361.381,-361.199,0]}],"ix":2},"a":{"a":0,"k":[-240.621,-262.75,0],"ix":1},"s":{"a":0,"k":[100,100,100],"ix":6}},"ao":0,"shapes":[{"ty":"gr","it":[{"ind":0,"ty":"sh","ix":1,"ks":{"a":0,"k":{"i":[[0,0],[0,0]],"o":[[0,0],[0,0]],"v":[[-240,-287],[-240,-238.5]],"c":false},"ix":2},"nm":"Path 1","mn":"ADBE Vector Shape - Group","hd":false},{"ty":"st","c":{"a":0,"k":[0,0,0,1],"ix":3},"o":{"a":0,"k":100,"ix":4},"w":{"a":0,"k":8,"ix":5},"lc":2,"lj":1,"ml":4,"bm":0,"nm":"Stroke 1","mn":"ADBE Vector Graphic - Stroke","hd":false},{"ty":"tr","p":{"a":0,"k":[-238.855,-261.266],"ix":2},"a":{"a":0,"k":[-238.355,-265.016],"ix":1},"s":{"a":0,"k":[87.812,66.895],"ix":3},"r":{"a":0,"k":90,"ix":6},"o":{"a":0,"k":100,"ix":7},"sk":{"a":0,"k":0,"ix":4},"sa":{"a":0,"k":0,"ix":5},"nm":"Transform"}],"nm":"Shape 2","np":3,"cix":2,"bm":0,"ix":1,"mn":"ADBE Vector Group","hd":false},{"ty":"gr","it":[{"ind":0,"ty":"sh","ix":1,"ks":{"a":0,"k":{"i":[[0,0],[0,0]],"o":[[0,0],[0,0]],"v":[[-240,-287],[-240,-238.5]],"c":false},"ix":2},"nm":"Path 1","mn":"ADBE Vector Shape - Group","hd":false},{"ty":"st","c":{"a":0,"k":[0,0,0,1],"ix":3},"o":{"a":0,"k":100,"ix":4},"w":{"a":0,"k":8,"ix":5},"lc":2,"lj":1,"ml":4,"bm":0,"nm":"Stroke 1","mn":"ADBE Vector Graphic - Stroke","hd":false},{"ty":"tr","p":{"a":0,"k":[-238.355,-265.016],"ix":2},"a":{"a":0,"k":[-238.355,-265.016],"ix":1},"s":{"a":0,"k":[102.581,74.248],"ix":3},"r":{"a":0,"k":0,"ix":6},"o":{"a":0,"k":100,"ix":7},"sk":{"a":0,"k":0,"ix":4},"sa":{"a":0,"k":0,"ix":5},"nm":"Transform"}],"nm":"Shape 1","np":3,"cix":2,"bm":0,"ix":2,"mn":"ADBE Vector Group","hd":false}],"ip":0,"op":120.12012012012,"st":0,"bm":0},{"ddd":0,"ind":39,"ty":4,"nm":"Cross star 2","parent":25,"sr":1,"ks":{"o":{"a":0,"k":100,"ix":11},"r":{"a":0,"k":50,"ix":10},"p":{"a":1,"k":[{"i":{"x":0.833,"y":0.833},"o":{"x":0.167,"y":0.167},"t":0,"s":[299.379,-18.75,0],"to":[0,-1.829,0],"ti":[0,4.532,0]},{"i":{"x":0.833,"y":0.833},"o":{"x":0.167,"y":0.167},"t":60.061,"s":[299.379,607.652,0],"to":[0,-0.576,0],"ti":[0,14.11,0]},{"i":{"x":0.833,"y":0.833},"o":{"x":0.167,"y":0.167},"t":61,"s":[299.379,-690.125,0],"to":[0,-127.82,0],"ti":[0,2.105,0]},{"t":119,"s":[299.425,-30.082,0]}],"ix":2},"a":{"a":0,"k":[-240.621,-262.75,0],"ix":1},"s":{"a":0,"k":[100,100,100],"ix":6}},"ao":0,"shapes":[{"ty":"gr","it":[{"ind":0,"ty":"sh","ix":1,"ks":{"a":0,"k":{"i":[[0,0],[0,0]],"o":[[0,0],[0,0]],"v":[[-240,-287],[-240,-238.5]],"c":false},"ix":2},"nm":"Path 1","mn":"ADBE Vector Shape - Group","hd":false},{"ty":"st","c":{"a":0,"k":[0,0,0,1],"ix":3},"o":{"a":0,"k":100,"ix":4},"w":{"a":0,"k":8,"ix":5},"lc":2,"lj":1,"ml":4,"bm":0,"nm":"Stroke 1","mn":"ADBE Vector Graphic - Stroke","hd":false},{"ty":"tr","p":{"a":0,"k":[-237.605,-261.016],"ix":2},"a":{"a":0,"k":[-238.355,-265.016],"ix":1},"s":{"a":0,"k":[100,100],"ix":3},"r":{"a":0,"k":90,"ix":6},"o":{"a":0,"k":100,"ix":7},"sk":{"a":0,"k":0,"ix":4},"sa":{"a":0,"k":0,"ix":5},"nm":"Transform"}],"nm":"Shape 2","np":3,"cix":2,"bm":0,"ix":1,"mn":"ADBE Vector Group","hd":false},{"ty":"gr","it":[{"ind":0,"ty":"sh","ix":1,"ks":{"a":0,"k":{"i":[[0,0],[0,0]],"o":[[0,0],[0,0]],"v":[[-240,-287],[-240,-238.5]],"c":false},"ix":2},"nm":"Path 1","mn":"ADBE Vector Shape - Group","hd":false},{"ty":"st","c":{"a":0,"k":[0,0,0,1],"ix":3},"o":{"a":0,"k":100,"ix":4},"w":{"a":0,"k":8,"ix":5},"lc":2,"lj":1,"ml":4,"bm":0,"nm":"Stroke 1","mn":"ADBE Vector Graphic - Stroke","hd":false},{"ty":"tr","p":{"a":0,"k":[-238.355,-265.016],"ix":2},"a":{"a":0,"k":[-238.355,-265.016],"ix":1},"s":{"a":0,"k":[100,100],"ix":3},"r":{"a":0,"k":0,"ix":6},"o":{"a":0,"k":100,"ix":7},"sk":{"a":0,"k":0,"ix":4},"sa":{"a":0,"k":0,"ix":5},"nm":"Transform"}],"nm":"Shape 1","np":3,"cix":2,"bm":0,"ix":2,"mn":"ADBE Vector Group","hd":false}],"ip":0,"op":120.12012012012,"st":0,"bm":0},{"ddd":0,"ind":40,"ty":4,"nm":"Cross star 1","parent":25,"sr":1,"ks":{"o":{"a":0,"k":100,"ix":11},"r":{"a":0,"k":50,"ix":10},"p":{"a":1,"k":[{"i":{"x":0.833,"y":0.833},"o":{"x":0.167,"y":0.167},"t":0,"s":[-320.621,-59.9,0],"to":[0,-1.829,0],"ti":[0,4.532,0]},{"i":{"x":0.833,"y":0.833},"o":{"x":0.167,"y":0.167},"t":60.061,"s":[-320.621,526.652,0],"to":[0,-0.576,0],"ti":[0,14.11,0]},{"i":{"x":0.833,"y":0.833},"o":{"x":0.167,"y":0.167},"t":61,"s":[-320.621,-574.125,0],"to":[0,-127.82,0],"ti":[0,2.105,0]},{"t":119,"s":[-320.591,-69.406,0]}],"ix":2},"a":{"a":0,"k":[-240.621,-262.75,0],"ix":1},"s":{"a":0,"k":[100,100,100],"ix":6}},"ao":0,"shapes":[{"ty":"gr","it":[{"ind":0,"ty":"sh","ix":1,"ks":{"a":0,"k":{"i":[[0,0],[0,0]],"o":[[0,0],[0,0]],"v":[[-240,-287],[-240,-238.5]],"c":false},"ix":2},"nm":"Path 1","mn":"ADBE Vector Shape - Group","hd":false},{"ty":"st","c":{"a":0,"k":[0,0,0,1],"ix":3},"o":{"a":0,"k":100,"ix":4},"w":{"a":0,"k":8,"ix":5},"lc":2,"lj":1,"ml":4,"bm":0,"nm":"Stroke 1","mn":"ADBE Vector Graphic - Stroke","hd":false},{"ty":"tr","p":{"a":0,"k":[-237.605,-261.016],"ix":2},"a":{"a":0,"k":[-238.355,-265.016],"ix":1},"s":{"a":0,"k":[100,100],"ix":3},"r":{"a":0,"k":90,"ix":6},"o":{"a":0,"k":100,"ix":7},"sk":{"a":0,"k":0,"ix":4},"sa":{"a":0,"k":0,"ix":5},"nm":"Transform"}],"nm":"Shape 2","np":3,"cix":2,"bm":0,"ix":1,"mn":"ADBE Vector Group","hd":false},{"ty":"gr","it":[{"ind":0,"ty":"sh","ix":1,"ks":{"a":0,"k":{"i":[[0,0],[0,0]],"o":[[0,0],[0,0]],"v":[[-240,-287],[-240,-238.5]],"c":false},"ix":2},"nm":"Path 1","mn":"ADBE Vector Shape - Group","hd":false},{"ty":"st","c":{"a":0,"k":[0,0,0,1],"ix":3},"o":{"a":0,"k":100,"ix":4},"w":{"a":0,"k":8,"ix":5},"lc":2,"lj":1,"ml":4,"bm":0,"nm":"Stroke 1","mn":"ADBE Vector Graphic - Stroke","hd":false},{"ty":"tr","p":{"a":0,"k":[-238.355,-265.016],"ix":2},"a":{"a":0,"k":[-238.355,-265.016],"ix":1},"s":{"a":0,"k":[100,100],"ix":3},"r":{"a":0,"k":0,"ix":6},"o":{"a":0,"k":100,"ix":7},"sk":{"a":0,"k":0,"ix":4},"sa":{"a":0,"k":0,"ix":5},"nm":"Transform"}],"nm":"Shape 1","np":3,"cix":2,"bm":0,"ix":2,"mn":"ADBE Vector Group","hd":false}],"ip":0,"op":120.12012012012,"st":0,"bm":0},{"ddd":0,"ind":41,"ty":4,"nm":"Circle star 4","parent":25,"sr":1,"ks":{"o":{"a":0,"k":100,"ix":11},"r":{"a":0,"k":0,"ix":10},"p":{"a":0,"k":[-276.21,-472.886,0],"ix":2},"a":{"a":0,"k":[-199.027,1419.303,0],"ix":1},"s":{"a":0,"k":[57.726,57.726,100],"ix":6}},"ao":0,"shapes":[{"ty":"gr","it":[{"d":1,"ty":"el","s":{"a":0,"k":[44.945,44.945],"ix":2},"p":{"a":0,"k":[0,0],"ix":3},"nm":"Ellipse Path 1","mn":"ADBE Vector Shape - Ellipse","hd":false},{"ty":"st","c":{"a":0,"k":[0,0,0,1],"ix":3},"o":{"a":0,"k":100,"ix":4},"w":{"a":0,"k":8,"ix":5},"lc":1,"lj":1,"ml":4,"bm":0,"nm":"Stroke 1","mn":"ADBE Vector Graphic - Stroke","hd":false},{"ty":"tr","p":{"a":1,"k":[{"i":{"x":0.833,"y":0.833},"o":{"x":0.167,"y":0.167},"t":0,"s":[-199.027,1514.473],"to":[0,0],"ti":[0,0]},{"i":{"x":0.833,"y":0.833},"o":{"x":0.167,"y":0.167},"t":88.088,"s":[-199.027,3349.473],"to":[0,0],"ti":[0,0]},{"i":{"x":0.833,"y":0.833},"o":{"x":0.167,"y":0.167},"t":89,"s":[-199.027,929.473],"to":[0,0],"ti":[0,0]},{"t":119,"s":[-199.027,1487]}],"ix":2},"a":{"a":0,"k":[0,0],"ix":1},"s":{"a":0,"k":[100,100],"ix":3},"r":{"a":0,"k":0,"ix":6},"o":{"a":0,"k":100,"ix":7},"sk":{"a":0,"k":0,"ix":4},"sa":{"a":0,"k":0,"ix":5},"nm":"Transform"}],"nm":"Ellipse 1","np":3,"cix":2,"bm":0,"ix":1,"mn":"ADBE Vector Group","hd":false}],"ip":0,"op":120.12012012012,"st":0,"bm":0},{"ddd":0,"ind":42,"ty":4,"nm":"Circle star 3","parent":25,"sr":1,"ks":{"o":{"a":0,"k":100,"ix":11},"r":{"a":0,"k":0,"ix":10},"p":{"a":0,"k":[312.973,-173,0],"ix":2},"a":{"a":0,"k":[-339.027,695,0],"ix":1},"s":{"a":0,"k":[57.726,57.726,100],"ix":6}},"ao":0,"shapes":[{"ty":"gr","it":[{"d":1,"ty":"el","s":{"a":0,"k":[44.945,44.945],"ix":2},"p":{"a":0,"k":[0,0],"ix":3},"nm":"Ellipse Path 1","mn":"ADBE Vector Shape - Ellipse","hd":false},{"ty":"st","c":{"a":0,"k":[0,0,0,1],"ix":3},"o":{"a":0,"k":100,"ix":4},"w":{"a":0,"k":8,"ix":5},"lc":1,"lj":1,"ml":4,"bm":0,"nm":"Stroke 1","mn":"ADBE Vector Graphic - Stroke","hd":false},{"ty":"tr","p":{"a":1,"k":[{"i":{"x":0.833,"y":0.833},"o":{"x":0.167,"y":0.167},"t":0,"s":[-199.027,209.473],"to":[0,276.667],"ti":[0,0]},{"i":{"x":0.833,"y":0.833},"o":{"x":0.167,"y":0.167},"t":118.117,"s":[-199.027,1869.473],"to":[0,0],"ti":[0,276.667]},{"t":119,"s":[-199.027,209.473]}],"ix":2},"a":{"a":0,"k":[0,0],"ix":1},"s":{"a":0,"k":[100,100],"ix":3},"r":{"a":0,"k":0,"ix":6},"o":{"a":0,"k":100,"ix":7},"sk":{"a":0,"k":0,"ix":4},"sa":{"a":0,"k":0,"ix":5},"nm":"Transform"}],"nm":"Ellipse 1","np":3,"cix":2,"bm":0,"ix":1,"mn":"ADBE Vector Group","hd":false}],"ip":0,"op":120.12012012012,"st":0,"bm":0},{"ddd":0,"ind":43,"ty":4,"nm":"Circle star 2","parent":25,"sr":1,"ks":{"o":{"a":0,"k":100,"ix":11},"r":{"a":0,"k":0,"ix":10},"p":{"a":0,"k":[300.973,-1050.527,0],"ix":2},"a":{"a":0,"k":[-339.027,-610.527,0],"ix":1},"s":{"a":0,"k":[100,100,100],"ix":6}},"ao":0,"shapes":[{"ty":"gr","it":[{"d":1,"ty":"el","s":{"a":0,"k":[44.945,44.945],"ix":2},"p":{"a":0,"k":[0,0],"ix":3},"nm":"Ellipse Path 1","mn":"ADBE Vector Shape - Ellipse","hd":false},{"ty":"st","c":{"a":0,"k":[0,0,0,1],"ix":3},"o":{"a":0,"k":100,"ix":4},"w":{"a":0,"k":8,"ix":5},"lc":1,"lj":1,"ml":4,"bm":0,"nm":"Stroke 1","mn":"ADBE Vector Graphic - Stroke","hd":false},{"ty":"tr","p":{"a":1,"k":[{"i":{"x":0.833,"y":0.833},"o":{"x":0.167,"y":0.167},"t":0,"s":[-339.027,681],"to":[0,213.333],"ti":[0,-140.62]},{"i":{"x":0.833,"y":0.833},"o":{"x":0.167,"y":0.167},"t":38.033,"s":[-339.027,1109.473],"to":[0,213.333],"ti":[0,-170.731]},{"i":{"x":0.833,"y":0.833},"o":{"x":0.167,"y":0.167},"t":39,"s":[-339.027,-220.018],"to":[0,330.178],"ti":[0,-140.62]},{"t":119,"s":[-339.027,669.473]}],"ix":2},"a":{"a":0,"k":[0,0],"ix":1},"s":{"a":0,"k":[100,100],"ix":3},"r":{"a":0,"k":0,"ix":6},"o":{"a":0,"k":100,"ix":7},"sk":{"a":0,"k":0,"ix":4},"sa":{"a":0,"k":0,"ix":5},"nm":"Transform"}],"nm":"Ellipse 1","np":3,"cix":2,"bm":0,"ix":1,"mn":"ADBE Vector Group","hd":false}],"ip":0,"op":120.12012012012,"st":0,"bm":0},{"ddd":0,"ind":44,"ty":4,"nm":"Circle star 1","parent":25,"sr":1,"ks":{"o":{"a":0,"k":100,"ix":11},"r":{"a":0,"k":0,"ix":10},"p":{"a":0,"k":[-40,0,0],"ix":2},"a":{"a":0,"k":[0,0,0],"ix":1},"s":{"a":0,"k":[100,100,100],"ix":6}},"ao":0,"shapes":[{"ty":"gr","it":[{"d":1,"ty":"el","s":{"a":0,"k":[44.945,44.945],"ix":2},"p":{"a":0,"k":[0,0],"ix":3},"nm":"Ellipse Path 1","mn":"ADBE Vector Shape - Ellipse","hd":false},{"ty":"st","c":{"a":0,"k":[0,0,0,1],"ix":3},"o":{"a":0,"k":100,"ix":4},"w":{"a":0,"k":8,"ix":5},"lc":1,"lj":1,"ml":4,"bm":0,"nm":"Stroke 1","mn":"ADBE Vector Graphic - Stroke","hd":false},{"ty":"tr","p":{"a":1,"k":[{"i":{"x":0.833,"y":0.833},"o":{"x":0.167,"y":0.167},"t":0,"s":[-339.027,-610.527],"to":[0,213.333],"ti":[0,0]},{"i":{"x":0.833,"y":0.833},"o":{"x":0.167,"y":0.167},"t":118.117,"s":[-339.027,669.473],"to":[0,0],"ti":[0,213.333]},{"t":119,"s":[-339.027,-610.527]}],"ix":2},"a":{"a":0,"k":[0,0],"ix":1},"s":{"a":0,"k":[100,100],"ix":3},"r":{"a":0,"k":0,"ix":6},"o":{"a":0,"k":100,"ix":7},"sk":{"a":0,"k":0,"ix":4},"sa":{"a":0,"k":0,"ix":5},"nm":"Transform"}],"nm":"Ellipse 1","np":3,"cix":2,"bm":0,"ix":1,"mn":"ADBE Vector Group","hd":false}],"ip":0,"op":120.12012012012,"st":0,"bm":0}],"markers":[{"tm":118.1171875,"cm":"2","dr":0}]}